funnel_id,session_id,user_id,event_timestamp,sku,product_name,tier,quantity,unit_price_usd,cart_total_usd,promo_code_applied,discount_usd,final_total_usd,reached_cart,reached_checkout,reached_payment,completed_purchase,abandonment_stage,abandonment_reason,payment_method,device_type,channel,time_to_purchase_min
FNL-00001,c154be4ceafd4a,U422771,2025-10-26 01:22:19,EP-900,ErgoPro 900,Premium,2,999,1998,SAVE75,250.82,1747.18,Yes,No,No,No,checkout,,,desktop,organic_search,
FNL-00002,2042c38ce84c4d,U322007,2026-02-02 04:09:37,EP-500,ErgoPro 500,Mid,2,649,1298,,0,1298,Yes,No,No,No,checkout,payment_issue,,desktop,email,
FNL-00003,f808df24b3ef4b,U238695,2025-12-17 12:29:40,EP-900,ErgoPro 900,Premium,2,999,1998,,0,1998,Yes,No,No,No,checkout,,,mobile,organic_search,
FNL-00004,1a0602f48e0e4b,U621096,2026-01-29 00:55:58,EP-500,ErgoPro 500,Mid,2,649,1298,,0,1298,Yes,Yes,Yes,Yes,,,paypal,mobile,paid_search,70.9
FNL-00005,8b90642f009841,U523806,2025-12-30 10:59:26,EP-200,ErgoPro 200,Entry,1,349,349,ERGO15,68.13,280.87,Yes,No,No,No,checkout,session_timeout,,mobile,organic_search,
FNL-00006,2997e983e64946,U571584,2026-01-18 17:14:33,EP-200,ErgoPro 200,Entry,1,349,349,EMPLOYEE20,67.97,281.03,Yes,No,No,No,checkout,session_timeout,,desktop,organic_search,
FNL-00007,a3bb3a1146ed40,U702179,2025-12-19 22:29:42,EP-900,ErgoPro 900,Premium,2,999,1998,,0,1998,Yes,No,No,No,checkout,payment_issue,,desktop,organic_search,
FNL-00008,a6b2373009f746,U654002,2026-01-23 14:45:55,EP-200,ErgoPro 200,Entry,3,349,1047,,0,1047,Yes,No,No,No,checkout,session_timeout,,desktop,organic_search,
FNL-00009,ff5f48f71c8643,U664393,2026-01-27 21:45:35,EP-200,ErgoPro 200,Entry,1,349,349,ERGO15,51.26,297.74,Yes,No,No,No,checkout,price_too_high,,mobile,organic_search,
FNL-00010,1a8ba57e8dd542,U938570,2025-10-04 20:06:33,EP-200,ErgoPro 200,Entry,2,349,698,ERGO15,102.8,595.2,Yes,Yes,Yes,Yes,,,credit_card,desktop,organic_search,10.7
FNL-00011,75ba28270ace46,U785500,2026-03-06 01:16:49,EP-200,ErgoPro 200,Entry,3,349,1047,,0,1047,Yes,Yes,Yes,Yes,,,credit_card,desktop,organic_search,55.7
FNL-00012,1e455ae43bb746,U504461,2026-01-31 07:01:12,EP-500,ErgoPro 500,Mid,2,649,1298,ERGO15,140.61,1157.39,Yes,Yes,Yes,Yes,,,shop_pay,tablet,social,25.7
FNL-00013,6e799ba0986645,U459909,2026-02-21 11:18:12,EP-900,ErgoPro 900,Premium,2,999,1998,ERGO15,209.97,1788.03,Yes,Yes,No,No,payment,,,desktop,paid_search,
FNL-00014,cc37040a51454a,U272521,2025-12-13 15:20:31,EP-200,ErgoPro 200,Entry,1,349,349,ERGO15,55.02,293.98,Yes,No,No,No,checkout,payment_issue,,desktop,referral,
FNL-00015,7e555bd11ad540,U845515,2025-11-28 20:39:26,EP-900,ErgoPro 900,Premium,3,999,2997,,0,2997,Yes,No,No,No,checkout,payment_issue,,desktop,organic_search,
FNL-00016,8b4c0886e8bd42,U920859,2025-11-21 21:17:59,EP-500,ErgoPro 500,Mid,2,649,1298,,0,1298,Yes,No,No,No,checkout,payment_issue,,desktop,organic_search,
FNL-00017,9c265e1b63d343,U351715,2025-10-21 11:39:13,EP-200,ErgoPro 200,Entry,3,349,1047,,0,1047,Yes,No,No,No,checkout,,,desktop,email,
FNL-00018,40a8cd8066e84b,U342789,2026-01-25 04:08:29,EP-900,ErgoPro 900,Premium,1,999,999,EMPLOYEE20,168.04,830.96,Yes,Yes,Yes,Yes,,,paypal,mobile,organic_search,51.4
FNL-00019,c3f626d32e1247,U416036,2026-03-21 17:41:30,EP-200,ErgoPro 200,Entry,1,349,349,EMPLOYEE20,53.4,295.6,Yes,Yes,Yes,No,cart,payment_issue,,desktop,social,
FNL-00020,9a4ac45f27714d,U421380,2025-12-09 13:02:00,EP-200,ErgoPro 200,Entry,3,349,1047,,0,1047,Yes,No,No,No,checkout,just_browsing,,mobile,email,
FNL-00021,58cc8c6951f545,U284655,2026-03-08 11:00:44,EP-900,ErgoPro 900,Premium,3,999,2997,SAVE75,504.27,2492.73,Yes,Yes,No,No,payment,session_timeout,,mobile,paid_search,
FNL-00022,d3cde498d0304f,U540347,2025-11-13 17:57:57,EP-500,ErgoPro 500,Mid,2,649,1298,,0,1298,Yes,Yes,Yes,No,cart,just_browsing,,mobile,email,
FNL-00023,dafe46a81acd42,U249425,2026-01-22 05:34:55,EP-200,ErgoPro 200,Entry,1,349,349,ERGO15,39.17,309.83,Yes,No,No,No,checkout,,,desktop,organic_search,
FNL-00024,d31546a19f2d4a,U141604,2025-12-21 17:25:04,EP-500,ErgoPro 500,Mid,3,649,1947,EMPLOYEE20,372.49,1574.51,Yes,Yes,Yes,Yes,,,credit_card,desktop,paid_search,21.8
FNL-00025,a1bcdeda61934a,U160390,2025-11-04 01:18:16,EP-500,ErgoPro 500,Mid,1,649,649,SAVE75,108.5,540.5,Yes,Yes,Yes,Yes,,,apple_pay,tablet,social,4.6
FNL-00026,8658a71427c241,U483106,2025-10-03 09:07:35,EP-900,ErgoPro 900,Premium,3,999,2997,,0,2997,Yes,Yes,No,No,payment,payment_issue,,desktop,organic_search,
FNL-00027,3a306a1b937840,U277369,2026-02-05 06:02:26,EP-500,ErgoPro 500,Mid,2,649,1298,ERGO15,150.04,1147.96,Yes,Yes,Yes,No,cart,,,tablet,organic_search,
FNL-00028,7a3e4f805b6f43,U640651,2025-12-27 15:29:56,EP-900,ErgoPro 900,Premium,3,999,2997,EMPLOYEE20,478.33,2518.67,Yes,No,No,No,checkout,session_timeout,,desktop,direct,
FNL-00029,b8f0ba024e8049,U571064,2026-01-12 09:28:31,EP-900,ErgoPro 900,Premium,2,999,1998,SAVE75,257.82,1740.18,Yes,Yes,Yes,Yes,,,apple_pay,mobile,organic_search,4.4
FNL-00030,0a36c8bf96b04e,U648368,2026-03-11 05:50:48,EP-500,ErgoPro 500,Mid,2,649,1298,EMPLOYEE20,210.99,1087.01,Yes,No,No,No,checkout,,,desktop,paid_search,
FNL-00031,b6297509568145,U145020,2025-12-16 03:01:44,EP-900,ErgoPro 900,Premium,3,999,2997,LAUNCH20,574.39,2422.61,Yes,No,No,No,checkout,session_timeout,,tablet,email,
FNL-00032,4165770786b842,U580732,2026-01-11 15:27:14,EP-200,ErgoPro 200,Entry,1,349,349,SAVE75,53.44,295.56,Yes,No,No,No,checkout,payment_issue,,desktop,social,
FNL-00033,822ace58355549,U252179,2026-01-12 12:26:40,EP-900,ErgoPro 900,Premium,1,999,999,SAVE75,187.3,811.7,Yes,Yes,No,No,payment,,,desktop,organic_search,
FNL-00034,e7f169ee44734c,U302310,2026-03-22 18:49:15,EP-200,ErgoPro 200,Entry,1,349,349,LAUNCH20,54.31,294.69,Yes,Yes,No,No,payment,session_timeout,,mobile,direct,
FNL-00035,60f630e53a3f4c,U355735,2026-01-18 07:28:18,EP-200,ErgoPro 200,Entry,3,349,1047,LAUNCH20,207.69,839.31,Yes,No,No,No,checkout,shipping_cost,,mobile,organic_search,
FNL-00036,0ae4d5ce7a754e,U283603,2026-01-26 07:39:56,EP-200,ErgoPro 200,Entry,2,349,698,,0,698,Yes,Yes,Yes,Yes,,,credit_card,tablet,direct,28.8
FNL-00037,4d266bd4a8c049,U315196,2025-10-26 16:14:19,EP-200,ErgoPro 200,Entry,2,349,698,SAVE75,108.22,589.78,Yes,No,No,No,checkout,found_cheaper,,desktop,direct,
FNL-00038,b6f778543fc649,U605361,2025-11-02 01:23:22,EP-900,ErgoPro 900,Premium,2,999,1998,LAUNCH20,366.38,1631.62,Yes,Yes,No,No,payment,just_browsing,,tablet,referral,
FNL-00039,88010c73b58742,U411963,2026-02-18 00:46:49,EP-200,ErgoPro 200,Entry,1,349,349,,0,349,Yes,No,No,No,checkout,session_timeout,,mobile,organic_search,
FNL-00040,5ee26014c2dc42,U260115,2026-01-18 20:33:04,EP-900,ErgoPro 900,Premium,1,999,999,SAVE75,190.63,808.37,Yes,No,No,No,checkout,payment_issue,,mobile,organic_search,
FNL-00041,e85dbbe10afa42,U380289,2026-01-30 22:47:18,EP-900,ErgoPro 900,Premium,2,999,1998,SAVE75,307.64,1690.36,Yes,Yes,Yes,Yes,,,shop_pay,tablet,organic_search,8.9
FNL-00042,0005b3ca68b542,U939734,2025-11-19 02:03:04,EP-500,ErgoPro 500,Mid,1,649,649,,0,649,Yes,No,No,No,checkout,found_cheaper,,tablet,organic_search,
FNL-00043,6bd6e4cf090e49,U448417,2025-11-02 20:43:02,EP-900,ErgoPro 900,Premium,3,999,2997,,0,2997,Yes,Yes,Yes,Yes,,,paypal,desktop,email,87.0
FNL-00044,225db29bab3447,U137149,2026-03-16 18:00:37,EP-200,ErgoPro 200,Entry,1,349,349,LAUNCH20,39.23,309.77,Yes,Yes,Yes,Yes,,,apple_pay,desktop,organic_search,62.2
FNL-00045,8af32cc4e64b46,U643855,2025-12-05 20:36:49,EP-900,ErgoPro 900,Premium,3,999,2997,EMPLOYEE20,419.59,2577.41,Yes,No,No,No,checkout,just_browsing,,desktop,social,
FNL-00046,36ca388ce48940,U889194,2025-10-20 09:01:12,EP-900,ErgoPro 900,Premium,2,999,1998,,0,1998,Yes,No,No,No,checkout,found_cheaper,,mobile,email,
FNL-00047,ad7d002c95ba42,U969078,2025-12-03 05:29:20,EP-200,ErgoPro 200,Entry,2,349,698,SAVE75,101.74,596.26,Yes,Yes,Yes,Yes,,,apple_pay,desktop,organic_search,34.0
FNL-00048,80b712fb278643,U120783,2026-03-19 01:21:47,EP-900,ErgoPro 900,Premium,2,999,1998,EMPLOYEE20,345.84,1652.16,Yes,Yes,No,No,payment,session_timeout,,desktop,paid_search,
FNL-00049,02d05e10193944,U889272,2025-10-29 08:45:53,EP-200,ErgoPro 200,Entry,3,349,1047,EMPLOYEE20,131.13,915.87,Yes,No,No,No,checkout,just_browsing,,desktop,social,
FNL-00050,c4f07a014ba643,U643175,2026-02-09 03:51:25,EP-900,ErgoPro 900,Premium,2,999,1998,ERGO15,257.08,1740.92,Yes,Yes,Yes,Yes,,,paypal,tablet,email,52.7
FNL-00051,c7e2dfa4e7f044,U990105,2025-10-23 12:42:59,EP-500,ErgoPro 500,Mid,1,649,649,EMPLOYEE20,124.79,524.21,Yes,Yes,No,No,payment,,,desktop,organic_search,
FNL-00052,a5de4349a5af46,U418987,2026-01-24 02:31:33,EP-900,ErgoPro 900,Premium,3,999,2997,LAUNCH20,372.36,2624.64,Yes,No,No,No,checkout,found_cheaper,,mobile,social,
FNL-00053,e06f251a82a549,U398222,2025-11-12 02:58:56,EP-200,ErgoPro 200,Entry,3,349,1047,,0,1047,Yes,Yes,Yes,Yes,,,apple_pay,tablet,referral,20.4
FNL-00054,71e21e476c6747,U841554,2026-03-17 13:11:38,EP-500,ErgoPro 500,Mid,3,649,1947,,0,1947,Yes,Yes,Yes,Yes,,,credit_card,desktop,email,36.5
FNL-00055,97bb7a9975944c,U287490,2026-03-21 21:11:24,EP-200,ErgoPro 200,Entry,2,349,698,EMPLOYEE20,71.23,626.77,Yes,Yes,Yes,Yes,,,paypal,desktop,organic_search,45.7
FNL-00056,1472bd1f01a642,U422455,2025-11-12 07:34:55,EP-200,ErgoPro 200,Entry,2,349,698,,0,698,Yes,Yes,No,No,payment,,,mobile,paid_search,
FNL-00057,2b1e1d47b8cf49,U340302,2026-01-28 14:09:39,EP-200,ErgoPro 200,Entry,3,349,1047,EMPLOYEE20,140.24,906.76,Yes,Yes,Yes,Yes,,,affirm,desktop,organic_search,33.2
FNL-00058,7963001ef0a140,U111142,2025-10-19 09:22:57,EP-500,ErgoPro 500,Mid,3,649,1947,EMPLOYEE20,224.9,1722.1,Yes,Yes,Yes,Yes,,,affirm,tablet,organic_search,26.9
FNL-00059,be245e409e9142,U916019,2025-12-06 18:07:28,EP-500,ErgoPro 500,Mid,2,649,1298,EMPLOYEE20,236.01,1061.99,Yes,No,No,No,checkout,just_browsing,,tablet,organic_search,
FNL-00060,1061e5dc4ecf4c,U300311,2026-03-11 22:10:51,EP-500,ErgoPro 500,Mid,1,649,649,SAVE75,119.33,529.67,Yes,No,No,No,checkout,,,desktop,organic_search,
FNL-00061,641ed7d23a7e41,U646379,2025-10-18 19:12:48,EP-900,ErgoPro 900,Premium,1,999,999,EMPLOYEE20,162.36,836.64,Yes,Yes,Yes,Yes,,,credit_card,mobile,organic_search,65.8
FNL-00062,b6fd57fc547945,U262864,2026-03-04 15:57:33,EP-500,ErgoPro 500,Mid,1,649,649,,0,649,Yes,No,No,No,checkout,shipping_cost,,desktop,paid_search,
FNL-00063,b489d2ea3a8b47,U432296,2025-11-04 00:08:57,EP-900,ErgoPro 900,Premium,3,999,2997,,0,2997,Yes,No,No,No,checkout,price_too_high,,mobile,referral,
FNL-00064,0bfdcbfcec8a41,U868922,2026-01-10 15:12:04,EP-200,ErgoPro 200,Entry,1,349,349,SAVE75,38.95,310.05,Yes,No,No,No,checkout,price_too_high,,tablet,email,
FNL-00065,141657ece45c4a,U788820,2026-03-10 02:14:00,EP-200,ErgoPro 200,Entry,1,349,349,ERGO15,62.55,286.45,Yes,Yes,No,No,payment,,,desktop,organic_search,
FNL-00066,e42a8887d74343,U896890,2026-03-31 03:37:25,EP-900,ErgoPro 900,Premium,3,999,2997,EMPLOYEE20,363.71,2633.29,Yes,No,No,No,checkout,found_cheaper,,tablet,paid_search,
FNL-00067,3360115acc4e46,U155202,2025-10-06 19:23:40,EP-900,ErgoPro 900,Premium,3,999,2997,,0,2997,Yes,Yes,Yes,Yes,,,paypal,mobile,email,63.6
FNL-00068,9e8c536f01de44,U387904,2026-02-22 16:56:12,EP-500,ErgoPro 500,Mid,3,649,1947,EMPLOYEE20,235.73,1711.27,Yes,Yes,Yes,No,cart,price_too_high,,mobile,organic_search,
FNL-00069,6a6fac4b6f3747,U979485,2025-10-10 12:21:24,EP-200,ErgoPro 200,Entry,2,349,698,,0,698,Yes,Yes,Yes,Yes,,,shop_pay,desktop,organic_search,52.3
FNL-00070,e9612f6a8fcc47,U518434,2025-10-04 12:02:01,EP-900,ErgoPro 900,Premium,2,999,1998,EMPLOYEE20,323.73,1674.27,Yes,No,No,No,checkout,shipping_cost,,tablet,social,
FNL-00071,358030af8ec145,U788100,2026-02-25 15:46:01,EP-200,ErgoPro 200,Entry,1,349,349,LAUNCH20,55.52,293.48,Yes,Yes,Yes,Yes,,,credit_card,desktop,referral,12.3
FNL-00072,8dd50e3a510943,U381401,2025-12-18 08:34:10,EP-500,ErgoPro 500,Mid,2,649,1298,SAVE75,197.31,1100.69,Yes,Yes,No,No,payment,found_cheaper,,mobile,organic_search,
FNL-00073,ccd0c804bae643,U554934,2026-02-21 14:18:54,EP-900,ErgoPro 900,Premium,1,999,999,EMPLOYEE20,150.87,848.13,Yes,No,No,No,checkout,shipping_cost,,desktop,referral,
FNL-00074,0fe373241b5943,U139478,2026-03-13 01:47:38,EP-200,ErgoPro 200,Entry,1,349,349,ERGO15,41.82,307.18,Yes,No,No,No,checkout,just_browsing,,tablet,organic_search,
FNL-00075,7ea593a3a88440,U214823,2026-03-28 17:48:09,EP-900,ErgoPro 900,Premium,2,999,1998,EMPLOYEE20,221.72,1776.28,Yes,Yes,No,No,payment,shipping_cost,,desktop,email,
FNL-00076,4e70f5df2a8246,U213975,2025-10-20 14:16:07,EP-900,ErgoPro 900,Premium,3,999,2997,,0,2997,Yes,Yes,No,No,payment,shipping_cost,,desktop,email,
FNL-00077,651b929c698743,U901311,2026-02-26 17:19:11,EP-500,ErgoPro 500,Mid,2,649,1298,,0,1298,Yes,Yes,Yes,Yes,,,affirm,desktop,paid_search,53.6
FNL-00078,ac48320bbd3647,U223108,2025-12-14 19:01:55,EP-500,ErgoPro 500,Mid,1,649,649,,0,649,Yes,No,No,No,checkout,shipping_cost,,tablet,organic_search,
FNL-00079,248438139a564a,U960112,2026-01-12 08:20:04,EP-500,ErgoPro 500,Mid,2,649,1298,SAVE75,180.45,1117.55,Yes,No,No,No,checkout,session_timeout,,mobile,direct,
FNL-00080,05e43826b02a4b,U718840,2025-10-11 11:06:49,EP-900,ErgoPro 900,Premium,2,999,1998,,0,1998,Yes,Yes,Yes,No,cart,found_cheaper,,mobile,social,
FNL-00081,fbad8e9e936e4e,U841073,2025-11-20 08:12:10,EP-900,ErgoPro 900,Premium,1,999,999,,0,999,Yes,No,No,No,checkout,payment_issue,,desktop,paid_search,
FNL-00082,ef7967d6eea44a,U160765,2025-11-01 23:01:12,EP-500,ErgoPro 500,Mid,3,649,1947,EMPLOYEE20,301.04,1645.96,Yes,No,No,No,checkout,price_too_high,,tablet,organic_search,
FNL-00083,e206e6e7d31c46,U880810,2025-10-12 10:32:33,EP-200,ErgoPro 200,Entry,3,349,1047,ERGO15,113.45,933.55,Yes,No,No,No,checkout,just_browsing,,mobile,referral,
FNL-00084,8b675173d6cf4d,U621412,2026-03-28 11:56:57,EP-900,ErgoPro 900,Premium,2,999,1998,,0,1998,Yes,Yes,Yes,Yes,,,paypal,mobile,paid_search,32.5
FNL-00085,ebc85153179445,U809730,2025-11-19 22:04:37,EP-500,ErgoPro 500,Mid,1,649,649,ERGO15,101.65,547.35,Yes,No,No,No,checkout,payment_issue,,tablet,social,
FNL-00086,796ad33df95945,U719381,2026-02-22 05:32:01,EP-200,ErgoPro 200,Entry,3,349,1047,,0,1047,Yes,Yes,Yes,No,cart,just_browsing,,mobile,paid_search,
FNL-00087,cf2f7ad32e694f,U451396,2026-01-10 16:42:38,EP-200,ErgoPro 200,Entry,1,349,349,EMPLOYEE20,39.38,309.62,Yes,Yes,No,No,payment,shipping_cost,,tablet,affiliate,
FNL-00088,e05a726f9e1e45,U980868,2025-11-19 01:39:20,EP-200,ErgoPro 200,Entry,1,349,349,ERGO15,57.9,291.1,Yes,Yes,No,No,payment,price_too_high,,desktop,direct,
FNL-00089,383650c1c26a47,U423752,2026-03-25 12:18:17,EP-200,ErgoPro 200,Entry,2,349,698,ERGO15,114.21,583.79,Yes,No,No,No,checkout,,,tablet,social,
FNL-00090,cdde412acb6d43,U812174,2025-10-04 22:44:33,EP-900,ErgoPro 900,Premium,2,999,1998,EMPLOYEE20,200.62,1797.38,Yes,No,No,No,checkout,,,tablet,email,
FNL-00091,afe96b7b604743,U756999,2025-12-06 04:06:37,EP-900,ErgoPro 900,Premium,2,999,1998,,0,1998,Yes,No,No,No,checkout,shipping_cost,,mobile,paid_search,
FNL-00092,698f9bfc662041,U728872,2025-10-20 12:04:06,EP-500,ErgoPro 500,Mid,1,649,649,ERGO15,123.56,525.44,Yes,No,No,No,checkout,payment_issue,,desktop,paid_search,
FNL-00093,f361ab69c78843,U611355,2026-02-20 18:23:40,EP-900,ErgoPro 900,Premium,2,999,1998,LAUNCH20,374.88,1623.12,Yes,No,No,No,checkout,found_cheaper,,desktop,organic_search,
FNL-00094,dca0b0699a1e4f,U139920,2026-02-18 20:39:35,EP-500,ErgoPro 500,Mid,3,649,1947,LAUNCH20,246.77,1700.23,Yes,No,No,No,checkout,price_too_high,,desktop,social,
FNL-00095,83b66e3b92f141,U887354,2025-12-10 02:11:16,EP-900,ErgoPro 900,Premium,1,999,999,,0,999,Yes,No,No,No,checkout,session_timeout,,mobile,organic_search,
FNL-00096,c46fcd1bbdb547,U567983,2025-11-04 19:00:34,EP-900,ErgoPro 900,Premium,3,999,2997,SAVE75,593.48,2403.52,Yes,No,No,No,checkout,price_too_high,,desktop,social,
FNL-00097,3a71d9247d4840,U923457,2025-11-21 04:22:04,EP-900,ErgoPro 900,Premium,1,999,999,SAVE75,113.89,885.11,Yes,No,No,No,checkout,session_timeout,,desktop,direct,
FNL-00098,78667166e57c4e,U532745,2025-10-28 04:33:53,EP-200,ErgoPro 200,Entry,2,349,698,,0,698,Yes,No,No,No,checkout,,,mobile,social,
FNL-00099,50493aa8db6c49,U365042,2025-11-19 20:51:12,EP-500,ErgoPro 500,Mid,1,649,649,,0,649,Yes,No,No,No,checkout,shipping_cost,,tablet,organic_search,
FNL-00100,d4df238f8fad42,U820256,2025-10-13 03:20:47,EP-900,ErgoPro 900,Premium,2,999,1998,SAVE75,252.7,1745.3,Yes,Yes,Yes,Yes,,,shop_pay,desktop,organic_search,30.7
FNL-00101,f4c54e10d97647,U470103,2025-10-25 15:03:09,EP-200,ErgoPro 200,Entry,1,349,349,EMPLOYEE20,57.02,291.98,Yes,Yes,Yes,Yes,,,paypal,mobile,organic_search,49.4
FNL-00102,f72ad8509d9146,U173751,2026-01-21 08:26:23,EP-200,ErgoPro 200,Entry,1,349,349,ERGO15,36.88,312.12,Yes,No,No,No,checkout,session_timeout,,mobile,email,
FNL-00103,41818326f9c449,U581721,2026-03-27 06:49:56,EP-200,ErgoPro 200,Entry,2,349,698,,0,698,Yes,No,No,No,checkout,found_cheaper,,tablet,email,
FNL-00104,9763fed4fc7547,U578284,2025-10-28 16:09:44,EP-500,ErgoPro 500,Mid,1,649,649,,0,649,Yes,Yes,Yes,No,cart,,,desktop,direct,
FNL-00105,f554842c44304e,U480996,2025-12-11 17:43:09,EP-500,ErgoPro 500,Mid,2,649,1298,,0,1298,Yes,Yes,Yes,Yes,,,credit_card,desktop,email,68.2
FNL-00106,9352ae4095d440,U551913,2026-03-07 20:13:50,EP-500,ErgoPro 500,Mid,3,649,1947,SAVE75,266.0,1681.0,Yes,Yes,Yes,No,cart,session_timeout,,tablet,email,
FNL-00107,74c67495d1634a,U781189,2026-01-16 18:48:48,EP-500,ErgoPro 500,Mid,1,649,649,,0,649,Yes,Yes,No,No,payment,session_timeout,,tablet,organic_search,
FNL-00108,03d69aa99fb64f,U807907,2025-10-12 06:31:01,EP-500,ErgoPro 500,Mid,1,649,649,,0,649,Yes,No,No,No,checkout,,,desktop,organic_search,
FNL-00109,a823bc46d9cc4a,U288255,2026-03-29 07:43:37,EP-200,ErgoPro 200,Entry,3,349,1047,,0,1047,Yes,Yes,Yes,Yes,,,credit_card,mobile,social,54.5
FNL-00110,976d5ff3b1ad4d,U119935,2026-03-12 04:11:58,EP-900,ErgoPro 900,Premium,3,999,2997,EMPLOYEE20,406.85,2590.15,Yes,No,No,No,checkout,shipping_cost,,desktop,paid_search,
FNL-00111,d73ef6c8aab445,U881817,2026-01-10 11:54:22,EP-200,ErgoPro 200,Entry,3,349,1047,,0,1047,Yes,No,No,No,checkout,found_cheaper,,desktop,referral,
FNL-00112,8d90918bd63a49,U129429,2026-02-28 15:02:34,EP-900,ErgoPro 900,Premium,2,999,1998,ERGO15,270.81,1727.19,Yes,No,No,No,checkout,,,mobile,paid_search,
FNL-00113,bc76c053eb164b,U898420,2025-12-29 20:42:12,EP-200,ErgoPro 200,Entry,3,349,1047,ERGO15,113.95,933.05,Yes,No,No,No,checkout,,,mobile,social,
FNL-00114,43cfe7d1bcc04f,U562678,2026-03-13 13:52:48,EP-900,ErgoPro 900,Premium,1,999,999,LAUNCH20,193.91,805.09,Yes,No,No,No,checkout,shipping_cost,,desktop,paid_search,
FNL-00115,1ca39f88001e43,U246317,2026-03-03 11:13:10,EP-200,ErgoPro 200,Entry,3,349,1047,,0,1047,Yes,Yes,Yes,Yes,,,apple_pay,mobile,email,39.6
FNL-00116,1f1424dc6c774b,U814868,2026-03-11 17:09:40,EP-500,ErgoPro 500,Mid,3,649,1947,SAVE75,326.08,1620.92,Yes,Yes,Yes,No,cart,shipping_cost,,mobile,paid_search,
FNL-00117,5037828821364e,U800626,2026-01-21 16:14:50,EP-200,ErgoPro 200,Entry,1,349,349,,0,349,Yes,Yes,Yes,Yes,,,paypal,desktop,social,27.2
FNL-00118,d6440e210e8344,U801463,2026-01-24 23:46:59,EP-500,ErgoPro 500,Mid,2,649,1298,LAUNCH20,205.84,1092.16,Yes,No,No,No,checkout,price_too_high,,mobile,paid_search,
FNL-00119,7653e47fad5341,U458988,2026-01-03 04:54:48,EP-200,ErgoPro 200,Entry,2,349,698,,0,698,Yes,Yes,No,No,payment,session_timeout,,desktop,organic_search,
FNL-00120,dc8e8e3fe8bb48,U895115,2025-10-19 20:42:23,EP-900,ErgoPro 900,Premium,1,999,999,,0,999,Yes,Yes,No,No,payment,,,tablet,paid_search,
FNL-00121,296a9bc21edf4d,U307944,2026-03-30 02:31:02,EP-900,ErgoPro 900,Premium,3,999,2997,,0,2997,Yes,Yes,Yes,Yes,,,paypal,tablet,organic_search,11.7
FNL-00122,9ebe8beec0e946,U377682,2025-10-18 07:31:01,EP-200,ErgoPro 200,Entry,2,349,698,SAVE75,136.61,561.39,Yes,Yes,Yes,Yes,,,affirm,desktop,organic_search,80.3
FNL-00123,9d7a9b9ada8f4e,U768022,2025-10-17 05:55:38,EP-200,ErgoPro 200,Entry,3,349,1047,ERGO15,170.39,876.61,Yes,No,No,No,checkout,price_too_high,,mobile,referral,
FNL-00124,9bf516c005d24b,U702337,2026-02-17 04:42:14,EP-900,ErgoPro 900,Premium,1,999,999,EMPLOYEE20,133.57,865.43,Yes,Yes,Yes,Yes,,,affirm,tablet,organic_search,44.0
FNL-00125,0f5b9e21a9d14f,U490981,2026-02-07 03:57:57,EP-500,ErgoPro 500,Mid,1,649,649,SAVE75,75.59,573.41,Yes,No,No,No,checkout,found_cheaper,,desktop,paid_search,
FNL-00126,f2a0319fc2e54e,U485543,2026-02-03 05:58:44,EP-200,ErgoPro 200,Entry,2,349,698,,0,698,Yes,Yes,Yes,Yes,,,credit_card,desktop,organic_search,41.6
FNL-00127,69f3a487d68c44,U342114,2026-01-14 10:02:11,EP-500,ErgoPro 500,Mid,2,649,1298,SAVE75,215.49,1082.51,Yes,Yes,Yes,Yes,,,shop_pay,mobile,organic_search,39.2
FNL-00128,e47883684b674d,U732917,2025-11-27 12:53:54,EP-500,ErgoPro 500,Mid,3,649,1947,LAUNCH20,318.04,1628.96,Yes,Yes,Yes,No,cart,just_browsing,,desktop,organic_search,
FNL-00129,1c5c33cb136b48,U486658,2026-03-18 03:25:28,EP-900,ErgoPro 900,Premium,3,999,2997,,0,2997,Yes,No,No,No,checkout,found_cheaper,,mobile,email,
FNL-00130,51fbc045e6c546,U557093,2026-02-11 20:50:09,EP-500,ErgoPro 500,Mid,1,649,649,ERGO15,110.13,538.87,Yes,Yes,Yes,Yes,,,shop_pay,desktop,organic_search,77.4
FNL-00131,9d441817d5b743,U920534,2026-01-16 09:18:36,EP-500,ErgoPro 500,Mid,1,649,649,,0,649,Yes,No,No,No,checkout,just_browsing,,desktop,social,
FNL-00132,8890a0c7411d47,U325538,2025-12-02 01:58:44,EP-200,ErgoPro 200,Entry,1,349,349,,0,349,Yes,Yes,No,No,payment,,,tablet,paid_search,
FNL-00133,ba76ba55b2e348,U348970,2026-03-07 17:24:41,EP-900,ErgoPro 900,Premium,1,999,999,,0,999,Yes,Yes,Yes,No,cart,payment_issue,,mobile,direct,
FNL-00134,e92e15b2d81b4e,U914814,2025-12-27 05:15:56,EP-200,ErgoPro 200,Entry,2,349,698,,0,698,Yes,Yes,Yes,No,cart,found_cheaper,,desktop,organic_search,
FNL-00135,2ba535045de846,U459899,2026-02-16 15:04:17,EP-900,ErgoPro 900,Premium,2,999,1998,,0,1998,Yes,Yes,Yes,No,cart,payment_issue,,desktop,organic_search,
FNL-00136,370fa5d8664c4e,U114314,2026-01-06 18:07:12,EP-500,ErgoPro 500,Mid,3,649,1947,LAUNCH20,343.88,1603.12,Yes,No,No,No,checkout,,,mobile,affiliate,
FNL-00137,ce532459ae0e40,U676185,2025-11-17 03:58:16,EP-500,ErgoPro 500,Mid,3,649,1947,,0,1947,Yes,Yes,No,No,payment,price_too_high,,mobile,organic_search,
FNL-00138,bb778170637344,U465396,2025-11-14 00:26:41,EP-500,ErgoPro 500,Mid,3,649,1947,ERGO15,349.89,1597.11,Yes,Yes,Yes,Yes,,,affirm,desktop,organic_search,83.2
FNL-00139,cde19e196b5c4b,U428332,2026-02-03 05:16:54,EP-500,ErgoPro 500,Mid,3,649,1947,,0,1947,Yes,Yes,No,No,payment,shipping_cost,,mobile,paid_search,
FNL-00140,e12ef4b53d3849,U941735,2025-10-29 21:07:19,EP-900,ErgoPro 900,Premium,3,999,2997,ERGO15,405.44,2591.56,Yes,No,No,No,checkout,session_timeout,,desktop,social,
FNL-00141,1269373db8d545,U299124,2025-10-12 09:19:56,EP-500,ErgoPro 500,Mid,2,649,1298,LAUNCH20,148.11,1149.89,Yes,No,No,No,checkout,price_too_high,,desktop,social,
FNL-00142,dd7f0c0acee340,U858601,2025-10-15 08:51:00,EP-200,ErgoPro 200,Entry,3,349,1047,,0,1047,Yes,Yes,Yes,Yes,,,affirm,desktop,organic_search,74.3
FNL-00143,629d29c8fd544a,U814575,2025-11-01 09:29:06,EP-500,ErgoPro 500,Mid,2,649,1298,,0,1298,Yes,No,No,No,checkout,price_too_high,,tablet,paid_search,
FNL-00144,ab08f9eabb9249,U843098,2026-01-06 05:40:49,EP-200,ErgoPro 200,Entry,1,349,349,LAUNCH20,46.73,302.27,Yes,Yes,Yes,Yes,,,paypal,desktop,organic_search,17.8
FNL-00145,b6e9bd0373e54f,U601088,2025-11-13 14:25:58,EP-900,ErgoPro 900,Premium,1,999,999,,0,999,Yes,Yes,Yes,Yes,,,affirm,mobile,paid_search,3.0
FNL-00146,cf1a34246f4144,U576602,2026-01-25 23:05:51,EP-200,ErgoPro 200,Entry,1,349,349,ERGO15,69.11,279.89,Yes,Yes,No,No,payment,price_too_high,,mobile,direct,
FNL-00147,21d6a5182b2f4d,U485021,2026-01-30 11:00:18,EP-200,ErgoPro 200,Entry,1,349,349,ERGO15,66.25,282.75,Yes,Yes,No,No,payment,,,desktop,paid_search,
FNL-00148,0527b1fc0aec4a,U463489,2025-11-03 19:47:33,EP-900,ErgoPro 900,Premium,2,999,1998,,0,1998,Yes,No,No,No,checkout,,,mobile,paid_search,
FNL-00149,6fb07a49bd7244,U409242,2026-03-30 04:15:16,EP-900,ErgoPro 900,Premium,1,999,999,,0,999,Yes,No,No,No,checkout,price_too_high,,desktop,direct,
FNL-00150,93e23739efe841,U480885,2025-10-12 10:25:44,EP-900,ErgoPro 900,Premium,1,999,999,SAVE75,150.37,848.63,Yes,Yes,Yes,Yes,,,affirm,desktop,email,9.5
FNL-00151,e4dc55da105e4f,U673478,2025-10-10 01:23:14,EP-500,ErgoPro 500,Mid,1,649,649,ERGO15,67.4,581.6,Yes,No,No,No,checkout,shipping_cost,,desktop,organic_search,
FNL-00152,a98ba6af4f4640,U866928,2025-11-19 03:33:35,EP-500,ErgoPro 500,Mid,2,649,1298,,0,1298,Yes,Yes,Yes,Yes,,,paypal,mobile,social,38.2
FNL-00153,9f8563dc8b5d40,U723238,2025-12-06 18:18:35,EP-900,ErgoPro 900,Premium,2,999,1998,LAUNCH20,270.63,1727.37,Yes,Yes,Yes,Yes,,,paypal,mobile,email,7.2
FNL-00154,be6cf60b46ae4d,U274668,2026-03-18 19:26:35,EP-200,ErgoPro 200,Entry,2,349,698,SAVE75,102.67,595.33,Yes,Yes,Yes,Yes,,,paypal,mobile,organic_search,69.4
FNL-00155,0c5c12cd9d3e4e,U210968,2026-02-16 09:15:33,EP-500,ErgoPro 500,Mid,2,649,1298,ERGO15,134.27,1163.73,Yes,No,No,No,checkout,found_cheaper,,desktop,email,
FNL-00156,d29ec52bfb0043,U727308,2025-10-15 15:37:05,EP-900,ErgoPro 900,Premium,1,999,999,EMPLOYEE20,181.02,817.98,Yes,No,No,No,checkout,shipping_cost,,desktop,paid_search,
FNL-00157,91b5c2bc1c2045,U529033,2026-01-15 17:07:55,EP-200,ErgoPro 200,Entry,3,349,1047,LAUNCH20,127.86,919.14,Yes,No,No,No,checkout,just_browsing,,desktop,social,
FNL-00158,dd5c25c1128f46,U452655,2025-10-14 23:47:24,EP-500,ErgoPro 500,Mid,2,649,1298,EMPLOYEE20,249.93,1048.07,Yes,Yes,Yes,Yes,,,shop_pay,desktop,organic_search,44.7
FNL-00159,581e702544a04e,U868595,2026-02-11 07:47:34,EP-900,ErgoPro 900,Premium,3,999,2997,EMPLOYEE20,511.53,2485.47,Yes,Yes,Yes,Yes,,,paypal,mobile,organic_search,52.7
FNL-00160,22cbd48c67904c,U629973,2025-11-13 10:09:06,EP-200,ErgoPro 200,Entry,1,349,349,SAVE75,58.34,290.66,Yes,Yes,Yes,Yes,,,paypal,mobile,paid_search,10.8
FNL-00161,2969089c008d48,U408958,2026-03-04 12:15:42,EP-200,ErgoPro 200,Entry,3,349,1047,,0,1047,Yes,Yes,Yes,Yes,,,shop_pay,mobile,paid_search,73.4
FNL-00162,47767fdaa13042,U750040,2026-02-12 20:48:27,EP-900,ErgoPro 900,Premium,3,999,2997,SAVE75,477.05,2519.95,Yes,Yes,Yes,Yes,,,credit_card,desktop,social,56.5
FNL-00163,1b121a7adf0040,U135235,2026-02-02 00:52:51,EP-500,ErgoPro 500,Mid,1,649,649,EMPLOYEE20,126.71,522.29,Yes,Yes,No,No,payment,shipping_cost,,mobile,social,
FNL-00164,88954a12c46b42,U315692,2026-02-15 23:02:08,EP-500,ErgoPro 500,Mid,2,649,1298,LAUNCH20,211.61,1086.39,Yes,No,No,No,checkout,,,mobile,email,
FNL-00165,21e1253385e94c,U551243,2025-12-08 09:53:51,EP-200,ErgoPro 200,Entry,3,349,1047,,0,1047,Yes,No,No,No,checkout,payment_issue,,tablet,referral,
FNL-00166,2d441fe903f240,U363657,2026-03-23 22:56:28,EP-500,ErgoPro 500,Mid,2,649,1298,SAVE75,191.11,1106.89,Yes,Yes,No,No,payment,,,mobile,organic_search,
FNL-00167,2cca1daad2164f,U325246,2026-02-26 19:21:33,EP-500,ErgoPro 500,Mid,1,649,649,ERGO15,100.21,548.79,Yes,Yes,Yes,Yes,,,credit_card,desktop,email,51.1
FNL-00168,3bfc8afe83dd41,U825047,2026-01-25 16:54:27,EP-900,ErgoPro 900,Premium,3,999,2997,,0,2997,Yes,Yes,Yes,Yes,,,affirm,desktop,social,24.4
FNL-00169,2a6a55e233f147,U827921,2025-10-23 01:11:16,EP-500,ErgoPro 500,Mid,1,649,649,,0,649,Yes,Yes,Yes,No,cart,found_cheaper,,desktop,organic_search,
FNL-00170,cca88c37ac2046,U799610,2026-01-29 20:09:35,EP-900,ErgoPro 900,Premium,3,999,2997,,0,2997,Yes,No,No,No,checkout,,,mobile,organic_search,
FNL-00171,30d050bb269944,U789564,2026-01-14 03:53:39,EP-500,ErgoPro 500,Mid,2,649,1298,EMPLOYEE20,183.65,1114.35,Yes,Yes,Yes,No,cart,found_cheaper,,mobile,direct,
FNL-00172,027722ef6ae347,U807150,2025-11-05 20:04:01,EP-500,ErgoPro 500,Mid,2,649,1298,,0,1298,Yes,Yes,Yes,No,cart,session_timeout,,tablet,social,
FNL-00173,989a8e8760f44a,U879912,2025-11-06 18:10:29,EP-900,ErgoPro 900,Premium,1,999,999,,0,999,Yes,Yes,Yes,Yes,,,paypal,desktop,organic_search,30.1
FNL-00174,8896fd0718334d,U582912,2025-11-02 10:49:03,EP-200,ErgoPro 200,Entry,3,349,1047,LAUNCH20,113.97,933.03,Yes,Yes,No,No,payment,,,tablet,social,
FNL-00175,ee85aa863dd147,U581206,2026-03-28 18:36:00,EP-500,ErgoPro 500,Mid,3,649,1947,EMPLOYEE20,211.68,1735.32,Yes,Yes,Yes,Yes,,,apple_pay,mobile,organic_search,54.3
FNL-00176,c3d053d0d29f48,U455905,2026-01-23 09:49:27,EP-200,ErgoPro 200,Entry,2,349,698,,0,698,Yes,Yes,Yes,Yes,,,apple_pay,mobile,social,8.1
FNL-00177,38496d789a0e4c,U936872,2025-11-21 15:33:55,EP-200,ErgoPro 200,Entry,2,349,698,ERGO15,114.43,583.57,Yes,No,No,No,checkout,,,desktop,referral,
FNL-00178,3dee7ae395c84f,U792156,2026-03-19 03:29:02,EP-900,ErgoPro 900,Premium,1,999,999,ERGO15,183.19,815.81,Yes,Yes,Yes,No,cart,,,desktop,referral,
FNL-00179,32f2c55a72d340,U908927,2026-03-28 08:55:51,EP-200,ErgoPro 200,Entry,2,349,698,,0,698,Yes,Yes,Yes,Yes,,,affirm,mobile,organic_search,15.0
FNL-00180,d5ea9fa7944e43,U156191,2026-03-11 18:45:30,EP-900,ErgoPro 900,Premium,2,999,1998,LAUNCH20,271.67,1726.33,Yes,No,No,No,checkout,,,desktop,email,
FNL-00181,fada638379e94c,U966421,2026-03-14 12:23:03,EP-500,ErgoPro 500,Mid,3,649,1947,ERGO15,286.21,1660.79,Yes,Yes,Yes,Yes,,,credit_card,desktop,social,46.7
FNL-00182,3cf1142fbbe742,U561048,2025-10-10 04:48:22,EP-200,ErgoPro 200,Entry,3,349,1047,,0,1047,Yes,Yes,Yes,Yes,,,credit_card,mobile,affiliate,39.2
FNL-00183,9800620c78314d,U609371,2025-10-17 22:07:08,EP-500,ErgoPro 500,Mid,2,649,1298,,0,1298,Yes,No,No,No,checkout,session_timeout,,desktop,organic_search,
FNL-00184,8dd087dc24dd41,U527960,2025-10-17 07:08:15,EP-900,ErgoPro 900,Premium,1,999,999,,0,999,Yes,Yes,No,No,payment,found_cheaper,,tablet,paid_search,
FNL-00185,c2a68cde37c048,U478449,2026-01-11 21:02:50,EP-900,ErgoPro 900,Premium,2,999,1998,SAVE75,276.76,1721.24,Yes,No,No,No,checkout,shipping_cost,,desktop,referral,
FNL-00186,1ff9aa43d38646,U615517,2026-01-25 08:54:32,EP-900,ErgoPro 900,Premium,3,999,2997,SAVE75,409.97,2587.03,Yes,No,No,No,checkout,session_timeout,,tablet,organic_search,
FNL-00187,165d4e98227e4a,U720926,2025-12-31 14:09:05,EP-900,ErgoPro 900,Premium,2,999,1998,EMPLOYEE20,379.87,1618.13,Yes,Yes,No,No,payment,just_browsing,,desktop,organic_search,
FNL-00188,ecaa55420a0548,U135788,2026-01-04 07:52:45,EP-200,ErgoPro 200,Entry,2,349,698,SAVE75,139.5,558.5,Yes,No,No,No,checkout,session_timeout,,desktop,referral,
FNL-00189,37869ff27cf240,U378860,2025-12-26 01:19:42,EP-200,ErgoPro 200,Entry,2,349,698,,0,698,Yes,Yes,Yes,Yes,,,apple_pay,mobile,direct,59.2
FNL-00190,383a4655fca54e,U420698,2025-12-16 10:20:20,EP-500,ErgoPro 500,Mid,1,649,649,SAVE75,124.04,524.96,Yes,Yes,Yes,Yes,,,affirm,mobile,organic_search,38.3
FNL-00191,66fff526f6bb44,U433440,2025-11-07 20:48:05,EP-200,ErgoPro 200,Entry,1,349,349,ERGO15,35.46,313.54,Yes,No,No,No,checkout,just_browsing,,desktop,organic_search,
FNL-00192,cfb40181f4f54e,U751842,2026-02-26 17:18:37,EP-900,ErgoPro 900,Premium,1,999,999,ERGO15,133.49,865.51,Yes,Yes,Yes,Yes,,,affirm,desktop,paid_search,34.3
FNL-00193,43145c146f654a,U804991,2026-03-01 17:38:51,EP-200,ErgoPro 200,Entry,1,349,349,LAUNCH20,43.85,305.15,Yes,Yes,Yes,Yes,,,shop_pay,mobile,social,42.5
FNL-00194,ea431d193a9f46,U409950,2025-10-30 10:51:37,EP-500,ErgoPro 500,Mid,2,649,1298,EMPLOYEE20,213.37,1084.63,Yes,No,No,No,checkout,found_cheaper,,desktop,email,
FNL-00195,7a5cb99aedae4a,U308248,2025-10-06 05:23:43,EP-200,ErgoPro 200,Entry,3,349,1047,ERGO15,195.05,851.95,Yes,Yes,No,No,payment,,,desktop,paid_search,
FNL-00196,4db8a7b116e048,U618655,2026-03-26 15:32:30,EP-500,ErgoPro 500,Mid,3,649,1947,,0,1947,Yes,Yes,No,No,payment,,,desktop,social,
FNL-00197,e33f6653a3c840,U555847,2025-11-05 13:13:50,EP-200,ErgoPro 200,Entry,3,349,1047,SAVE75,168.25,878.75,Yes,No,No,No,checkout,,,desktop,organic_search,
FNL-00198,2704eccd9e234b,U718882,2026-03-05 23:51:32,EP-200,ErgoPro 200,Entry,2,349,698,SAVE75,81.36,616.64,Yes,No,No,No,checkout,,,mobile,email,
FNL-00199,e44882c637f547,U364243,2026-02-13 01:54:30,EP-900,ErgoPro 900,Premium,3,999,2997,ERGO15,535.2,2461.8,Yes,Yes,Yes,Yes,,,apple_pay,mobile,social,82.9
FNL-00200,38072c3f317a46,U827550,2026-01-30 03:32:33,EP-900,ErgoPro 900,Premium,3,999,2997,,0,2997,Yes,No,No,No,checkout,,,desktop,social,
FNL-00201,2f8d4293486a4c,U444962,2025-12-29 02:21:43,EP-500,ErgoPro 500,Mid,3,649,1947,LAUNCH20,280.48,1666.52,Yes,Yes,No,No,payment,price_too_high,,mobile,organic_search,
FNL-00202,eaff595894914d,U462183,2025-12-13 16:54:22,EP-500,ErgoPro 500,Mid,1,649,649,ERGO15,120.34,528.66,Yes,No,No,No,checkout,shipping_cost,,mobile,organic_search,
FNL-00203,e3469dd6c33846,U123288,2026-03-07 00:46:14,EP-500,ErgoPro 500,Mid,3,649,1947,LAUNCH20,325.98,1621.02,Yes,Yes,No,No,payment,,,tablet,organic_search,
FNL-00204,35c30a247dad4d,U555972,2026-01-17 04:30:02,EP-900,ErgoPro 900,Premium,3,999,2997,LAUNCH20,578.98,2418.02,Yes,Yes,Yes,Yes,,,credit_card,desktop,organic_search,44.7
FNL-00205,a5389ba05be74f,U228547,2025-12-06 14:48:30,EP-900,ErgoPro 900,Premium,1,999,999,SAVE75,109.43,889.57,Yes,Yes,Yes,No,cart,,,mobile,social,
FNL-00206,b4f3a86e7a844e,U366290,2025-11-28 05:38:25,EP-900,ErgoPro 900,Premium,2,999,1998,,0,1998,Yes,No,No,No,checkout,price_too_high,,tablet,paid_search,
FNL-00207,5d5584487fa64d,U834908,2025-10-26 08:47:57,EP-200,ErgoPro 200,Entry,2,349,698,LAUNCH20,87.92,610.08,Yes,No,No,No,checkout,found_cheaper,,desktop,organic_search,
FNL-00208,a658036a162446,U776745,2025-12-17 12:28:34,EP-200,ErgoPro 200,Entry,2,349,698,EMPLOYEE20,88.32,609.68,Yes,No,No,No,checkout,,,mobile,social,
FNL-00209,7c7a682dda8247,U280243,2025-12-19 01:23:00,EP-200,ErgoPro 200,Entry,3,349,1047,SAVE75,192.75,854.25,Yes,Yes,Yes,No,cart,just_browsing,,desktop,social,
FNL-00210,4f3275f0e04545,U861958,2026-01-09 08:48:21,EP-500,ErgoPro 500,Mid,1,649,649,,0,649,Yes,Yes,Yes,Yes,,,shop_pay,mobile,email,7.3
FNL-00211,c8ac2ce7832e49,U831570,2026-01-10 12:08:06,EP-500,ErgoPro 500,Mid,2,649,1298,,0,1298,Yes,Yes,Yes,Yes,,,affirm,desktop,paid_search,46.8
FNL-00212,40f26f4e55d74f,U527290,2025-12-16 09:20:06,EP-200,ErgoPro 200,Entry,3,349,1047,SAVE75,134.06,912.94,Yes,No,No,No,checkout,just_browsing,,desktop,social,
FNL-00213,65a7f5c0c68e40,U176912,2025-12-12 14:41:48,EP-500,ErgoPro 500,Mid,2,649,1298,ERGO15,223.09,1074.91,Yes,Yes,Yes,Yes,,,shop_pay,mobile,email,69.9
FNL-00214,aaf82c8bcd204c,U579311,2025-10-27 01:32:43,EP-900,ErgoPro 900,Premium,1,999,999,,0,999,Yes,No,No,No,checkout,price_too_high,,desktop,direct,
FNL-00215,99d5a233f2d44b,U531169,2025-10-25 13:32:41,EP-200,ErgoPro 200,Entry,1,349,349,,0,349,Yes,No,No,No,checkout,payment_issue,,desktop,referral,
FNL-00216,3670e18761fb43,U206481,2026-02-04 11:48:46,EP-500,ErgoPro 500,Mid,3,649,1947,,0,1947,Yes,No,No,No,checkout,,,mobile,direct,
FNL-00217,ce14d72d1d0b47,U835203,2026-02-07 02:34:44,EP-900,ErgoPro 900,Premium,3,999,2997,,0,2997,Yes,Yes,Yes,Yes,,,shop_pay,desktop,direct,71.4
FNL-00218,fde396ebd08a45,U376426,2026-01-26 10:52:09,EP-200,ErgoPro 200,Entry,3,349,1047,,0,1047,Yes,Yes,Yes,No,cart,session_timeout,,mobile,organic_search,
FNL-00219,c94c28816c5b4c,U370968,2026-03-15 00:15:39,EP-200,ErgoPro 200,Entry,2,349,698,ERGO15,72.17,625.83,Yes,No,No,No,checkout,session_timeout,,mobile,organic_search,
FNL-00220,1b2b0e6a0be946,U591360,2025-12-28 01:43:17,EP-500,ErgoPro 500,Mid,3,649,1947,ERGO15,310.62,1636.38,Yes,Yes,No,No,payment,,,desktop,organic_search,
FNL-00221,1bf4262c536446,U175863,2025-10-11 14:13:31,EP-900,ErgoPro 900,Premium,1,999,999,EMPLOYEE20,122.39,876.61,Yes,No,No,No,checkout,shipping_cost,,mobile,referral,
FNL-00222,1eab8172413641,U875978,2026-03-09 18:44:45,EP-900,ErgoPro 900,Premium,1,999,999,EMPLOYEE20,109.19,889.81,Yes,Yes,Yes,Yes,,,shop_pay,desktop,email,19.4
FNL-00223,883166fa36164f,U288591,2025-11-22 10:15:27,EP-200,ErgoPro 200,Entry,3,349,1047,LAUNCH20,175.33,871.67,Yes,Yes,No,No,payment,payment_issue,,desktop,referral,
FNL-00224,44812c155b1e42,U314471,2026-02-22 03:32:53,EP-900,ErgoPro 900,Premium,3,999,2997,,0,2997,Yes,No,No,No,checkout,,,mobile,social,
FNL-00225,704af58e753946,U693586,2026-01-25 08:24:26,EP-900,ErgoPro 900,Premium,2,999,1998,EMPLOYEE20,384.09,1613.91,Yes,Yes,Yes,No,cart,just_browsing,,mobile,paid_search,
FNL-00226,a6fc13beae154e,U514127,2026-02-18 18:22:45,EP-900,ErgoPro 900,Premium,3,999,2997,EMPLOYEE20,402.27,2594.73,Yes,Yes,Yes,Yes,,,credit_card,mobile,direct,43.6
FNL-00227,ce1b7baeb78e41,U153956,2026-01-22 07:32:23,EP-900,ErgoPro 900,Premium,1,999,999,,0,999,Yes,No,No,No,checkout,found_cheaper,,tablet,social,
FNL-00228,7dee72a14e2a42,U728268,2026-02-19 21:15:42,EP-500,ErgoPro 500,Mid,2,649,1298,ERGO15,195.36,1102.64,Yes,Yes,Yes,Yes,,,affirm,tablet,referral,77.6
FNL-00229,3c84416190d341,U575958,2026-02-02 17:29:16,EP-900,ErgoPro 900,Premium,3,999,2997,,0,2997,Yes,Yes,Yes,Yes,,,apple_pay,desktop,email,53.1
FNL-00230,c193775a111d4d,U523498,2026-01-04 01:58:43,EP-200,ErgoPro 200,Entry,1,349,349,SAVE75,49.78,299.22,Yes,No,No,No,checkout,payment_issue,,desktop,paid_search,
FNL-00231,066bf778e52749,U530018,2025-12-06 06:52:16,EP-500,ErgoPro 500,Mid,1,649,649,ERGO15,128.2,520.8,Yes,Yes,No,No,payment,payment_issue,,mobile,affiliate,
FNL-00232,69f9ec066f8747,U166343,2026-02-03 23:10:47,EP-200,ErgoPro 200,Entry,2,349,698,,0,698,Yes,Yes,Yes,No,cart,just_browsing,,desktop,affiliate,
FNL-00233,505f6d99c40f40,U644587,2026-01-06 04:29:28,EP-500,ErgoPro 500,Mid,1,649,649,,0,649,Yes,Yes,Yes,Yes,,,affirm,mobile,paid_search,70.2
FNL-00234,16125149931b4e,U421169,2026-03-31 14:35:54,EP-900,ErgoPro 900,Premium,2,999,1998,,0,1998,Yes,Yes,No,No,payment,price_too_high,,desktop,direct,
FNL-00235,a8296f76afa745,U726235,2025-11-02 20:58:34,EP-200,ErgoPro 200,Entry,3,349,1047,,0,1047,Yes,Yes,Yes,No,cart,,,mobile,referral,
FNL-00236,631944bec8a048,U971186,2026-02-17 15:52:56,EP-500,ErgoPro 500,Mid,2,649,1298,EMPLOYEE20,203.31,1094.69,Yes,Yes,No,No,payment,payment_issue,,desktop,paid_search,
FNL-00237,5aa7a792543d4f,U304878,2026-03-16 11:10:34,EP-200,ErgoPro 200,Entry,1,349,349,,0,349,Yes,No,No,No,checkout,,,desktop,paid_search,
FNL-00238,06e1a45da80b49,U186313,2026-03-20 04:36:47,EP-900,ErgoPro 900,Premium,2,999,1998,SAVE75,278.89,1719.11,Yes,No,No,No,checkout,session_timeout,,mobile,organic_search,
FNL-00239,b31cc73c501b4e,U665231,2026-01-13 03:32:12,EP-200,ErgoPro 200,Entry,1,349,349,,0,349,Yes,No,No,No,checkout,payment_issue,,tablet,organic_search,
FNL-00240,225796b918384a,U454110,2025-10-19 18:00:52,EP-500,ErgoPro 500,Mid,2,649,1298,EMPLOYEE20,143.56,1154.44,Yes,No,No,No,checkout,shipping_cost,,mobile,referral,
FNL-00241,d7ff579c78a14a,U444379,2025-10-31 13:35:24,EP-200,ErgoPro 200,Entry,1,349,349,ERGO15,66.84,282.16,Yes,Yes,No,No,payment,,,desktop,paid_search,
FNL-00242,3aa8831b93d349,U399946,2026-03-17 09:08:23,EP-900,ErgoPro 900,Premium,1,999,999,EMPLOYEE20,151.84,847.16,Yes,Yes,Yes,Yes,,,apple_pay,desktop,email,44.6
FNL-00243,d2d3adc18ea848,U229479,2026-01-18 19:07:45,EP-500,ErgoPro 500,Mid,3,649,1947,,0,1947,Yes,Yes,No,No,payment,just_browsing,,tablet,organic_search,
FNL-00244,ea1c986d671d4a,U403128,2026-03-16 19:19:32,EP-900,ErgoPro 900,Premium,2,999,1998,SAVE75,377.65,1620.35,Yes,No,No,No,checkout,shipping_cost,,desktop,paid_search,
FNL-00245,6d274abcc3f74f,U140333,2026-02-28 06:01:38,EP-900,ErgoPro 900,Premium,2,999,1998,LAUNCH20,350.67,1647.33,Yes,No,No,No,checkout,session_timeout,,desktop,paid_search,
FNL-00246,2b775e7a545747,U607443,2026-01-22 08:12:16,EP-500,ErgoPro 500,Mid,3,649,1947,SAVE75,250.25,1696.75,Yes,No,No,No,checkout,payment_issue,,tablet,organic_search,
FNL-00247,df8eac63de8f40,U720424,2026-02-04 20:14:01,EP-200,ErgoPro 200,Entry,1,349,349,,0,349,Yes,Yes,Yes,Yes,,,affirm,desktop,social,83.2
FNL-00248,b5ffac37bbcc4c,U675186,2025-11-21 19:10:19,EP-500,ErgoPro 500,Mid,1,649,649,,0,649,Yes,No,No,No,checkout,,,tablet,paid_search,
FNL-00249,2e2605faffea4a,U533133,2026-02-17 09:09:38,EP-500,ErgoPro 500,Mid,2,649,1298,SAVE75,135.97,1162.03,Yes,No,No,No,checkout,payment_issue,,mobile,paid_search,
FNL-00250,80587a9c2aa548,U650818,2026-01-28 19:42:00,EP-200,ErgoPro 200,Entry,3,349,1047,ERGO15,177.77,869.23,Yes,No,No,No,checkout,,,desktop,organic_search,
FNL-00251,3c68023e799c49,U133320,2025-10-31 22:19:00,EP-200,ErgoPro 200,Entry,1,349,349,SAVE75,52.2,296.8,Yes,No,No,No,checkout,,,desktop,organic_search,
FNL-00252,24b770d1a6394e,U726676,2026-02-06 19:59:49,EP-500,ErgoPro 500,Mid,1,649,649,SAVE75,85.4,563.6,Yes,Yes,No,No,payment,session_timeout,,desktop,paid_search,
FNL-00253,de6818de346446,U582811,2026-03-04 20:58:15,EP-500,ErgoPro 500,Mid,1,649,649,,0,649,Yes,No,No,No,checkout,session_timeout,,desktop,organic_search,
FNL-00254,169847d4403c49,U256374,2026-01-17 06:04:09,EP-500,ErgoPro 500,Mid,2,649,1298,EMPLOYEE20,251.01,1046.99,Yes,Yes,Yes,Yes,,,shop_pay,tablet,organic_search,66.6
FNL-00255,8c25c0f1434143,U952239,2026-03-17 11:33:24,EP-200,ErgoPro 200,Entry,3,349,1047,LAUNCH20,124.08,922.92,Yes,Yes,No,No,payment,found_cheaper,,desktop,referral,
FNL-00256,3d8cba0c9e5048,U267204,2025-11-23 21:12:06,EP-900,ErgoPro 900,Premium,2,999,1998,,0,1998,Yes,Yes,Yes,Yes,,,affirm,mobile,organic_search,77.9
FNL-00257,de9ed800991c4c,U556554,2025-11-22 21:28:50,EP-500,ErgoPro 500,Mid,3,649,1947,EMPLOYEE20,350.87,1596.13,Yes,Yes,No,No,payment,,,mobile,email,
FNL-00258,bbbef5712cf64f,U124915,2026-03-26 12:31:59,EP-500,ErgoPro 500,Mid,2,649,1298,,0,1298,Yes,No,No,No,checkout,,,tablet,paid_search,
FNL-00259,de7698d0d2a14f,U950193,2026-01-19 03:58:01,EP-500,ErgoPro 500,Mid,1,649,649,,0,649,Yes,Yes,Yes,Yes,,,paypal,desktop,organic_search,59.4
FNL-00260,2cbe9d1d73354a,U463001,2026-01-01 05:52:59,EP-900,ErgoPro 900,Premium,1,999,999,,0,999,Yes,Yes,No,No,payment,found_cheaper,,tablet,organic_search,
FNL-00261,ff4289876a804b,U736941,2026-02-16 00:32:29,EP-900,ErgoPro 900,Premium,1,999,999,,0,999,Yes,Yes,No,No,payment,price_too_high,,tablet,email,
FNL-00262,bc914065bf6a4b,U673821,2025-11-13 13:22:56,EP-200,ErgoPro 200,Entry,2,349,698,EMPLOYEE20,96.5,601.5,Yes,Yes,Yes,Yes,,,credit_card,mobile,referral,73.9
FNL-00263,12e89ecbb1cd4d,U300376,2025-11-09 11:19:19,EP-900,ErgoPro 900,Premium,2,999,1998,,0,1998,Yes,Yes,No,No,payment,just_browsing,,desktop,referral,
FNL-00264,6a73b2a726e64e,U376737,2026-01-11 00:21:05,EP-900,ErgoPro 900,Premium,3,999,2997,,0,2997,Yes,Yes,Yes,Yes,,,shop_pay,tablet,organic_search,47.6
FNL-00265,5b28d095f62945,U141160,2026-01-22 15:33:23,EP-500,ErgoPro 500,Mid,1,649,649,,0,649,Yes,No,No,No,checkout,found_cheaper,,mobile,referral,
FNL-00266,779866a18a7944,U229853,2026-03-03 08:34:40,EP-500,ErgoPro 500,Mid,3,649,1947,SAVE75,256.69,1690.31,Yes,Yes,Yes,Yes,,,paypal,tablet,direct,81.7
FNL-00267,4cd7f2b252a741,U989755,2025-11-04 16:09:16,EP-200,ErgoPro 200,Entry,2,349,698,,0,698,Yes,Yes,Yes,Yes,,,shop_pay,mobile,social,46.4
FNL-00268,e94694c9e69141,U891718,2026-01-05 15:25:15,EP-200,ErgoPro 200,Entry,3,349,1047,EMPLOYEE20,106.07,940.93,Yes,Yes,No,No,payment,session_timeout,,desktop,direct,
FNL-00269,1ef420d7349c4b,U620302,2026-01-09 20:43:44,EP-900,ErgoPro 900,Premium,1,999,999,,0,999,Yes,Yes,Yes,No,cart,,,mobile,direct,
FNL-00270,25f48eafd99645,U338384,2025-11-12 03:58:15,EP-500,ErgoPro 500,Mid,3,649,1947,,0,1947,Yes,Yes,No,No,payment,payment_issue,,desktop,social,
FNL-00271,6ba3982fc2ff4d,U739199,2026-01-28 12:37:45,EP-500,ErgoPro 500,Mid,1,649,649,,0,649,Yes,Yes,No,No,payment,found_cheaper,,tablet,organic_search,
FNL-00272,87d64f9d50e646,U636560,2026-02-28 09:43:12,EP-900,ErgoPro 900,Premium,3,999,2997,,0,2997,Yes,No,No,No,checkout,shipping_cost,,tablet,paid_search,
FNL-00273,e654d5b8209f40,U390061,2026-01-03 05:19:36,EP-900,ErgoPro 900,Premium,2,999,1998,,0,1998,Yes,Yes,Yes,Yes,,,apple_pay,desktop,email,70.9
FNL-00274,edf0158da05346,U293856,2026-01-26 02:07:50,EP-200,ErgoPro 200,Entry,2,349,698,,0,698,Yes,Yes,Yes,Yes,,,shop_pay,mobile,organic_search,49.1
FNL-00275,9ea5595fcf5a4f,U484251,2025-10-29 02:25:48,EP-200,ErgoPro 200,Entry,2,349,698,,0,698,Yes,No,No,No,checkout,shipping_cost,,desktop,referral,
FNL-00276,5ad3cd7da1a74a,U406066,2026-01-30 15:03:06,EP-200,ErgoPro 200,Entry,2,349,698,ERGO15,100.69,597.31,Yes,Yes,Yes,Yes,,,affirm,mobile,paid_search,46.8
FNL-00277,f2b57ffb20c540,U362392,2026-03-30 11:53:20,EP-200,ErgoPro 200,Entry,1,349,349,,0,349,Yes,Yes,Yes,Yes,,,apple_pay,desktop,paid_search,59.2
FNL-00278,2b2acce195bb4c,U311246,2025-10-24 17:55:12,EP-900,ErgoPro 900,Premium,3,999,2997,EMPLOYEE20,513.18,2483.82,Yes,Yes,No,No,payment,just_browsing,,desktop,organic_search,
FNL-00279,caed5d5655f64e,U967156,2026-03-18 16:55:03,EP-900,ErgoPro 900,Premium,3,999,2997,,0,2997,Yes,Yes,Yes,Yes,,,credit_card,mobile,paid_search,51.9
FNL-00280,d3d69bb60d6d4e,U337231,2025-12-23 18:30:30,EP-900,ErgoPro 900,Premium,3,999,2997,,0,2997,Yes,Yes,Yes,No,cart,just_browsing,,mobile,paid_search,
FNL-00281,cc602272bb4e4a,U757838,2025-11-10 08:37:09,EP-200,ErgoPro 200,Entry,1,349,349,EMPLOYEE20,39.24,309.76,Yes,Yes,Yes,Yes,,,apple_pay,mobile,direct,30.6
FNL-00282,36bd6e5471174b,U644973,2026-03-13 02:48:20,EP-500,ErgoPro 500,Mid,2,649,1298,,0,1298,Yes,No,No,No,checkout,payment_issue,,desktop,affiliate,
FNL-00283,69344d2fa22940,U187639,2025-12-09 16:14:02,EP-500,ErgoPro 500,Mid,3,649,1947,,0,1947,Yes,No,No,No,checkout,,,mobile,email,
FNL-00284,74c280c6667a42,U497769,2025-11-14 15:58:37,EP-900,ErgoPro 900,Premium,1,999,999,SAVE75,143.36,855.64,Yes,Yes,Yes,Yes,,,apple_pay,tablet,direct,76.8
FNL-00285,c8e6a64ede9b4c,U127263,2025-12-27 13:55:41,EP-200,ErgoPro 200,Entry,2,349,698,ERGO15,98.68,599.32,Yes,Yes,Yes,Yes,,,shop_pay,desktop,paid_search,78.5
FNL-00286,60e231e3abdb4b,U259905,2025-10-06 09:39:08,EP-900,ErgoPro 900,Premium,1,999,999,EMPLOYEE20,102.1,896.9,Yes,Yes,Yes,Yes,,,shop_pay,mobile,organic_search,27.1
FNL-00287,27f6939397b24a,U785589,2026-01-04 11:50:48,EP-500,ErgoPro 500,Mid,2,649,1298,,0,1298,Yes,Yes,No,No,payment,price_too_high,,mobile,organic_search,
FNL-00288,843c57755c5049,U735257,2026-02-24 20:54:08,EP-200,ErgoPro 200,Entry,2,349,698,,0,698,Yes,Yes,No,No,payment,just_browsing,,tablet,organic_search,
FNL-00289,25f637d1bd6d40,U873800,2025-12-07 05:49:55,EP-200,ErgoPro 200,Entry,2,349,698,ERGO15,75.67,622.33,Yes,Yes,Yes,No,cart,session_timeout,,mobile,paid_search,
FNL-00290,ad946d42879a46,U584452,2025-10-27 18:23:08,EP-900,ErgoPro 900,Premium,1,999,999,,0,999,Yes,No,No,No,checkout,price_too_high,,desktop,social,
FNL-00291,f03bf1704ce245,U480763,2026-01-15 08:49:33,EP-900,ErgoPro 900,Premium,3,999,2997,EMPLOYEE20,576.08,2420.92,Yes,No,No,No,checkout,price_too_high,,mobile,social,
FNL-00292,3a08faf75e1f45,U690968,2025-10-31 03:27:56,EP-500,ErgoPro 500,Mid,2,649,1298,ERGO15,214.9,1083.1,Yes,No,No,No,checkout,,,mobile,organic_search,
FNL-00293,72856864a4fa42,U196493,2026-03-19 19:33:00,EP-900,ErgoPro 900,Premium,1,999,999,EMPLOYEE20,167.67,831.33,Yes,No,No,No,checkout,found_cheaper,,desktop,affiliate,
FNL-00294,c7d63eb45d7a4e,U761943,2025-11-14 21:43:33,EP-500,ErgoPro 500,Mid,2,649,1298,,0,1298,Yes,Yes,No,No,payment,,,desktop,direct,
FNL-00295,db7176b0cd8244,U341014,2025-11-07 23:18:24,EP-500,ErgoPro 500,Mid,1,649,649,SAVE75,93.19,555.81,Yes,No,No,No,checkout,just_browsing,,mobile,paid_search,
FNL-00296,b6b204aad44247,U782871,2025-11-28 16:47:05,EP-200,ErgoPro 200,Entry,1,349,349,ERGO15,44.71,304.29,Yes,No,No,No,checkout,,,desktop,organic_search,
FNL-00297,d8c2d34d431644,U643046,2025-12-08 14:34:11,EP-500,ErgoPro 500,Mid,1,649,649,LAUNCH20,109.65,539.35,Yes,No,No,No,checkout,found_cheaper,,desktop,paid_search,
FNL-00298,e43cb2c70f894e,U820456,2025-12-25 12:36:16,EP-200,ErgoPro 200,Entry,3,349,1047,,0,1047,Yes,No,No,No,checkout,,,tablet,organic_search,
FNL-00299,c9ab6dcbfe4c48,U695837,2025-11-19 07:20:29,EP-500,ErgoPro 500,Mid,1,649,649,,0,649,Yes,No,No,No,checkout,,,mobile,email,
FNL-00300,0ee572e2254346,U990122,2026-01-20 04:21:13,EP-200,ErgoPro 200,Entry,1,349,349,,0,349,Yes,Yes,Yes,Yes,,,affirm,desktop,paid_search,4.5
FNL-00301,12ba16b872134f,U751476,2025-10-13 07:10:52,EP-500,ErgoPro 500,Mid,1,649,649,EMPLOYEE20,76.31,572.69,Yes,No,No,No,checkout,,,tablet,organic_search,
FNL-00302,3c8ac42821df47,U338307,2025-11-10 05:03:12,EP-500,ErgoPro 500,Mid,2,649,1298,SAVE75,258.43,1039.57,Yes,Yes,Yes,Yes,,,affirm,desktop,paid_search,35.9
FNL-00303,2808065b96ea4e,U922245,2025-10-29 07:20:06,EP-900,ErgoPro 900,Premium,1,999,999,,0,999,Yes,Yes,No,No,payment,,,tablet,organic_search,
FNL-00304,642d42deeb044e,U876249,2025-11-24 16:19:04,EP-500,ErgoPro 500,Mid,3,649,1947,,0,1947,Yes,Yes,Yes,Yes,,,credit_card,desktop,email,80.3
FNL-00305,13ce0442cfba48,U291905,2025-12-12 05:43:22,EP-900,ErgoPro 900,Premium,3,999,2997,SAVE75,320.37,2676.63,Yes,No,No,No,checkout,found_cheaper,,desktop,organic_search,
FNL-00306,59c0bc150d2848,U450425,2025-10-27 07:59:17,EP-900,ErgoPro 900,Premium,2,999,1998,,0,1998,Yes,Yes,No,No,payment,just_browsing,,desktop,organic_search,
FNL-00307,208dc343c2024c,U684652,2026-02-02 22:56:43,EP-500,ErgoPro 500,Mid,1,649,649,,0,649,Yes,No,No,No,checkout,just_browsing,,mobile,referral,
FNL-00308,60ca19452c8643,U922054,2025-11-24 16:28:10,EP-500,ErgoPro 500,Mid,3,649,1947,,0,1947,Yes,No,No,No,checkout,,,desktop,organic_search,
FNL-00309,ebb1d3db6b724a,U648471,2025-11-03 16:54:30,EP-500,ErgoPro 500,Mid,1,649,649,SAVE75,92.67,556.33,Yes,Yes,Yes,Yes,,,affirm,mobile,direct,37.4
FNL-00310,3dfb330321e34b,U696469,2025-10-15 21:19:18,EP-200,ErgoPro 200,Entry,1,349,349,EMPLOYEE20,49.11,299.89,Yes,Yes,Yes,Yes,,,paypal,mobile,organic_search,44.3
FNL-00311,e7b6984cfadb4d,U318550,2025-11-08 17:34:17,EP-900,ErgoPro 900,Premium,2,999,1998,SAVE75,304.89,1693.11,Yes,No,No,No,checkout,price_too_high,,mobile,social,
FNL-00312,ae26562650f44c,U827410,2026-02-26 14:20:22,EP-900,ErgoPro 900,Premium,3,999,2997,SAVE75,401.71,2595.29,Yes,No,No,No,checkout,just_browsing,,mobile,organic_search,
FNL-00313,1665b494619847,U206136,2026-02-21 09:28:41,EP-200,ErgoPro 200,Entry,2,349,698,,0,698,Yes,Yes,Yes,No,cart,payment_issue,,desktop,organic_search,
FNL-00314,97bb5985fd4442,U661325,2026-03-29 07:48:48,EP-200,ErgoPro 200,Entry,1,349,349,LAUNCH20,51.63,297.37,Yes,Yes,Yes,Yes,,,shop_pay,desktop,email,74.4
FNL-00315,924a806fd99545,U192244,2025-10-12 15:55:17,EP-500,ErgoPro 500,Mid,3,649,1947,,0,1947,Yes,No,No,No,checkout,found_cheaper,,desktop,paid_search,
FNL-00316,bcbe16ff6f724b,U502875,2026-01-21 12:15:05,EP-200,ErgoPro 200,Entry,3,349,1047,,0,1047,Yes,No,No,No,checkout,,,desktop,paid_search,
FNL-00317,b8bbc11201824e,U935763,2026-03-22 04:42:38,EP-200,ErgoPro 200,Entry,3,349,1047,ERGO15,202.95,844.05,Yes,Yes,Yes,No,cart,session_timeout,,mobile,email,
FNL-00318,40e9394d2bb941,U978615,2026-02-03 12:12:10,EP-500,ErgoPro 500,Mid,1,649,649,LAUNCH20,77.38,571.62,Yes,No,No,No,checkout,price_too_high,,mobile,social,
FNL-00319,8da5b242088648,U981937,2026-03-18 15:57:44,EP-500,ErgoPro 500,Mid,1,649,649,LAUNCH20,68.13,580.87,Yes,Yes,Yes,No,cart,,,desktop,affiliate,
FNL-00320,478ef2d686be48,U417373,2026-01-05 14:30:05,EP-200,ErgoPro 200,Entry,2,349,698,EMPLOYEE20,73.47,624.53,Yes,Yes,Yes,No,cart,session_timeout,,mobile,organic_search,
FNL-00321,0f4c213f02764a,U301602,2025-10-16 21:17:42,EP-500,ErgoPro 500,Mid,2,649,1298,,0,1298,Yes,Yes,Yes,Yes,,,paypal,desktop,organic_search,69.2
FNL-00322,d864d79e221d4a,U273578,2025-12-14 01:43:31,EP-500,ErgoPro 500,Mid,1,649,649,ERGO15,94.63,554.37,Yes,Yes,Yes,Yes,,,credit_card,mobile,direct,34.0
FNL-00323,3109edeee15345,U749308,2025-10-25 18:09:28,EP-500,ErgoPro 500,Mid,3,649,1947,,0,1947,Yes,Yes,Yes,Yes,,,paypal,desktop,email,8.0
FNL-00324,337faf81f86141,U198177,2025-12-17 21:37:41,EP-500,ErgoPro 500,Mid,3,649,1947,SAVE75,317.22,1629.78,Yes,Yes,Yes,Yes,,,affirm,tablet,organic_search,73.2
FNL-00325,d7b753ddc25744,U386794,2026-03-03 18:14:04,EP-200,ErgoPro 200,Entry,1,349,349,,0,349,Yes,No,No,No,checkout,,,desktop,social,
FNL-00326,dd75d5aa478041,U646370,2026-01-10 06:26:27,EP-900,ErgoPro 900,Premium,2,999,1998,SAVE75,233.8,1764.2,Yes,Yes,No,No,payment,shipping_cost,,desktop,direct,
FNL-00327,421eb36b365249,U924230,2025-11-07 09:18:02,EP-200,ErgoPro 200,Entry,3,349,1047,,0,1047,Yes,No,No,No,checkout,payment_issue,,desktop,referral,
FNL-00328,2055066481c54a,U754718,2026-03-01 18:28:33,EP-200,ErgoPro 200,Entry,2,349,698,ERGO15,133.76,564.24,Yes,No,No,No,checkout,session_timeout,,mobile,organic_search,
FNL-00329,b970989689254d,U334607,2025-12-31 21:06:05,EP-200,ErgoPro 200,Entry,1,349,349,,0,349,Yes,Yes,Yes,Yes,,,shop_pay,mobile,paid_search,70.3
FNL-00330,9dc366ae07b04b,U690722,2026-03-18 00:41:09,EP-500,ErgoPro 500,Mid,3,649,1947,ERGO15,196.38,1750.62,Yes,Yes,No,No,payment,just_browsing,,mobile,organic_search,
FNL-00331,dc5ab9e6a6c247,U253022,2025-12-18 10:20:44,EP-500,ErgoPro 500,Mid,3,649,1947,EMPLOYEE20,346.67,1600.33,Yes,Yes,Yes,Yes,,,paypal,desktop,organic_search,35.3
FNL-00332,2bcdba1795c14f,U383946,2025-10-04 11:56:10,EP-200,ErgoPro 200,Entry,1,349,349,SAVE75,65.29,283.71,Yes,No,No,No,checkout,session_timeout,,mobile,paid_search,
FNL-00333,21963e1f834b43,U307121,2025-11-17 23:14:14,EP-900,ErgoPro 900,Premium,2,999,1998,EMPLOYEE20,326.05,1671.95,Yes,No,No,No,checkout,price_too_high,,desktop,organic_search,
FNL-00334,946e0f230e354c,U582575,2026-03-16 12:10:01,EP-200,ErgoPro 200,Entry,1,349,349,ERGO15,59.65,289.35,Yes,Yes,No,No,payment,just_browsing,,desktop,paid_search,
FNL-00335,e72a5058617a4b,U270757,2025-10-20 16:21:59,EP-200,ErgoPro 200,Entry,3,349,1047,SAVE75,203.96,843.04,Yes,Yes,No,No,payment,price_too_high,,desktop,organic_search,
FNL-00336,6bc15496d65842,U271467,2026-01-18 18:19:41,EP-500,ErgoPro 500,Mid,1,649,649,SAVE75,114.97,534.03,Yes,Yes,No,No,payment,,,desktop,paid_search,
FNL-00337,3e9157660b9542,U587666,2025-12-29 06:36:03,EP-200,ErgoPro 200,Entry,3,349,1047,,0,1047,Yes,Yes,Yes,Yes,,,apple_pay,tablet,paid_search,2.2
FNL-00338,627505f7b89949,U491585,2025-10-21 10:22:56,EP-500,ErgoPro 500,Mid,1,649,649,ERGO15,73.45,575.55,Yes,Yes,Yes,No,cart,just_browsing,,mobile,paid_search,
FNL-00339,62f005e8078a44,U763449,2025-12-20 02:43:41,EP-900,ErgoPro 900,Premium,3,999,2997,,0,2997,Yes,Yes,Yes,Yes,,,shop_pay,mobile,direct,6.1
FNL-00340,e36b69d0b60240,U484427,2025-11-04 06:20:10,EP-200,ErgoPro 200,Entry,3,349,1047,,0,1047,Yes,No,No,No,checkout,payment_issue,,desktop,affiliate,
FNL-00341,e1b764ae6a1e4d,U589693,2026-03-08 10:07:02,EP-500,ErgoPro 500,Mid,1,649,649,,0,649,Yes,Yes,No,No,payment,just_browsing,,tablet,organic_search,
FNL-00342,2ecc7a2276cb4e,U117934,2025-11-23 08:35:15,EP-200,ErgoPro 200,Entry,2,349,698,,0,698,Yes,Yes,Yes,Yes,,,credit_card,tablet,direct,52.9
FNL-00343,43f370ab0a9347,U357329,2026-03-07 11:52:57,EP-500,ErgoPro 500,Mid,1,649,649,,0,649,Yes,No,No,No,checkout,found_cheaper,,desktop,social,
FNL-00344,66eacd83bcee40,U367206,2025-12-27 21:45:02,EP-200,ErgoPro 200,Entry,3,349,1047,EMPLOYEE20,189.15,857.85,Yes,No,No,No,checkout,just_browsing,,mobile,paid_search,
FNL-00345,b943a07cc1f347,U199799,2026-03-07 23:20:57,EP-500,ErgoPro 500,Mid,3,649,1947,,0,1947,Yes,Yes,No,No,payment,just_browsing,,mobile,organic_search,
FNL-00346,6cf44d70087b48,U677863,2026-03-17 09:19:32,EP-200,ErgoPro 200,Entry,3,349,1047,LAUNCH20,185.3,861.7,Yes,Yes,Yes,No,cart,,,mobile,organic_search,
FNL-00347,238d6db9ce5149,U166405,2026-02-04 11:15:53,EP-500,ErgoPro 500,Mid,1,649,649,SAVE75,72.85,576.15,Yes,Yes,No,No,payment,shipping_cost,,desktop,organic_search,
FNL-00348,9fc3205aefff44,U513443,2025-10-26 14:14:05,EP-500,ErgoPro 500,Mid,1,649,649,SAVE75,119.3,529.7,Yes,Yes,No,No,payment,found_cheaper,,desktop,organic_search,
FNL-00349,cb5f490c73d846,U798021,2025-12-22 08:15:34,EP-500,ErgoPro 500,Mid,1,649,649,EMPLOYEE20,99.91,549.09,Yes,Yes,Yes,Yes,,,credit_card,desktop,email,13.9
FNL-00350,5692fd798a1343,U911804,2026-03-30 00:16:56,EP-500,ErgoPro 500,Mid,3,649,1947,LAUNCH20,263.69,1683.31,Yes,Yes,Yes,Yes,,,affirm,tablet,referral,85.3
FNL-00351,7a45949ce1d349,U421743,2026-02-27 20:26:04,EP-200,ErgoPro 200,Entry,2,349,698,ERGO15,115.33,582.67,Yes,No,No,No,checkout,found_cheaper,,desktop,organic_search,
FNL-00352,a2851ca82dc046,U812400,2025-12-22 20:11:35,EP-200,ErgoPro 200,Entry,3,349,1047,,0,1047,Yes,No,No,No,checkout,just_browsing,,desktop,organic_search,
FNL-00353,487bf12aa12948,U633980,2025-10-31 22:40:50,EP-200,ErgoPro 200,Entry,1,349,349,,0,349,Yes,No,No,No,checkout,,,desktop,organic_search,
FNL-00354,71e879484be044,U599975,2026-03-19 14:15:07,EP-200,ErgoPro 200,Entry,1,349,349,,0,349,Yes,Yes,Yes,No,cart,session_timeout,,desktop,organic_search,
FNL-00355,a0b0f9d5ae694c,U615439,2025-11-27 07:08:13,EP-200,ErgoPro 200,Entry,3,349,1047,EMPLOYEE20,132.77,914.23,Yes,No,No,No,checkout,,,mobile,email,
FNL-00356,f0218472843547,U530176,2026-01-13 16:36:13,EP-500,ErgoPro 500,Mid,2,649,1298,,0,1298,Yes,No,No,No,checkout,just_browsing,,desktop,social,
FNL-00357,d2a0510a962e47,U590274,2025-10-27 03:37:59,EP-200,ErgoPro 200,Entry,1,349,349,,0,349,Yes,Yes,Yes,No,cart,payment_issue,,desktop,paid_search,
FNL-00358,3bd62df20fa446,U435357,2025-10-02 22:34:36,EP-500,ErgoPro 500,Mid,2,649,1298,,0,1298,Yes,No,No,No,checkout,found_cheaper,,desktop,organic_search,
FNL-00359,d5d907ad745440,U428033,2025-11-09 09:29:40,EP-900,ErgoPro 900,Premium,3,999,2997,ERGO15,500.6,2496.4,Yes,No,No,No,checkout,found_cheaper,,desktop,paid_search,
FNL-00360,d06df708861e42,U722944,2026-01-22 23:40:47,EP-900,ErgoPro 900,Premium,2,999,1998,ERGO15,367.73,1630.27,Yes,No,No,No,checkout,,,desktop,direct,
FNL-00361,ffb00781e3fe4d,U964876,2025-12-10 00:28:12,EP-500,ErgoPro 500,Mid,2,649,1298,EMPLOYEE20,158.62,1139.38,Yes,Yes,No,No,payment,price_too_high,,desktop,organic_search,
FNL-00362,d0812b0392a247,U569051,2025-10-12 22:52:11,EP-900,ErgoPro 900,Premium,2,999,1998,,0,1998,Yes,Yes,Yes,No,cart,session_timeout,,tablet,social,
FNL-00363,086e72762c8a4e,U874591,2026-02-23 08:31:15,EP-500,ErgoPro 500,Mid,3,649,1947,ERGO15,359.32,1587.68,Yes,No,No,No,checkout,shipping_cost,,desktop,referral,
FNL-00364,4015d1485be841,U511368,2025-10-25 05:32:42,EP-500,ErgoPro 500,Mid,1,649,649,,0,649,Yes,No,No,No,checkout,payment_issue,,mobile,paid_search,
FNL-00365,c2aa214c036544,U378117,2026-02-01 23:21:24,EP-500,ErgoPro 500,Mid,3,649,1947,,0,1947,Yes,Yes,Yes,Yes,,,apple_pay,desktop,direct,32.7
FNL-00366,fb8562193a274d,U680963,2025-12-22 07:50:55,EP-500,ErgoPro 500,Mid,2,649,1298,ERGO15,158.25,1139.75,Yes,No,No,No,checkout,,,mobile,organic_search,
FNL-00367,9e3be854072a40,U332343,2025-12-15 21:37:44,EP-500,ErgoPro 500,Mid,2,649,1298,,0,1298,Yes,No,No,No,checkout,shipping_cost,,mobile,organic_search,
FNL-00368,bd5f3d93e44342,U984956,2025-11-18 04:27:44,EP-900,ErgoPro 900,Premium,1,999,999,LAUNCH20,113.71,885.29,Yes,Yes,Yes,Yes,,,paypal,mobile,organic_search,89.7
FNL-00369,64a28c777bec4e,U801151,2025-10-10 05:11:13,EP-200,ErgoPro 200,Entry,1,349,349,LAUNCH20,48.18,300.82,Yes,Yes,Yes,Yes,,,paypal,mobile,affiliate,61.1
FNL-00370,8884a25a380643,U242807,2025-10-11 17:41:18,EP-900,ErgoPro 900,Premium,1,999,999,,0,999,Yes,No,No,No,checkout,payment_issue,,mobile,email,
FNL-00371,e5a011424d8a4f,U571094,2025-12-06 22:07:41,EP-200,ErgoPro 200,Entry,2,349,698,,0,698,Yes,Yes,Yes,Yes,,,paypal,desktop,organic_search,88.1
FNL-00372,43c9abf2e25749,U224311,2026-02-07 00:14:46,EP-900,ErgoPro 900,Premium,2,999,1998,SAVE75,395.97,1602.03,Yes,Yes,Yes,Yes,,,apple_pay,desktop,organic_search,24.5
FNL-00373,ff555498c26044,U371994,2026-01-29 16:28:30,EP-200,ErgoPro 200,Entry,2,349,698,,0,698,Yes,No,No,No,checkout,price_too_high,,desktop,social,
FNL-00374,931752d2efef48,U368774,2026-02-28 13:56:19,EP-500,ErgoPro 500,Mid,3,649,1947,EMPLOYEE20,301.18,1645.82,Yes,Yes,Yes,Yes,,,apple_pay,desktop,organic_search,5.1
FNL-00375,68f7dabb3e6349,U258007,2025-10-24 13:34:38,EP-900,ErgoPro 900,Premium,3,999,2997,ERGO15,521.06,2475.94,Yes,Yes,Yes,Yes,,,apple_pay,desktop,organic_search,84.5
FNL-00376,9e49c61f83e546,U463421,2025-12-07 08:52:04,EP-200,ErgoPro 200,Entry,1,349,349,,0,349,Yes,No,No,No,checkout,payment_issue,,mobile,social,
FNL-00377,f7288dd4572f4c,U153985,2026-03-11 01:46:35,EP-200,ErgoPro 200,Entry,3,349,1047,,0,1047,Yes,No,No,No,checkout,session_timeout,,mobile,paid_search,
FNL-00378,557b4cef753049,U713940,2025-12-20 10:01:28,EP-500,ErgoPro 500,Mid,3,649,1947,LAUNCH20,298.56,1648.44,Yes,Yes,No,No,payment,payment_issue,,desktop,organic_search,
FNL-00379,7c450c6d567c4e,U893239,2026-01-21 15:23:33,EP-200,ErgoPro 200,Entry,3,349,1047,LAUNCH20,155.1,891.9,Yes,No,No,No,checkout,,,tablet,email,
FNL-00380,78842e1a0eb541,U786288,2026-03-28 00:30:26,EP-900,ErgoPro 900,Premium,2,999,1998,EMPLOYEE20,226.04,1771.96,Yes,Yes,Yes,Yes,,,apple_pay,desktop,referral,72.1
FNL-00381,65c6df0be5e74b,U290126,2026-03-29 06:31:39,EP-500,ErgoPro 500,Mid,3,649,1947,EMPLOYEE20,271.67,1675.33,Yes,No,No,No,checkout,,,desktop,organic_search,
FNL-00382,e67f0dcc92844b,U450082,2026-03-03 14:00:25,EP-900,ErgoPro 900,Premium,2,999,1998,,0,1998,Yes,Yes,Yes,Yes,,,credit_card,mobile,paid_search,77.8
FNL-00383,c5231304ee4b44,U675223,2025-11-06 22:44:53,EP-500,ErgoPro 500,Mid,3,649,1947,EMPLOYEE20,265.61,1681.39,Yes,Yes,Yes,Yes,,,credit_card,mobile,social,6.9
FNL-00384,2933c0b8b64b4a,U227610,2026-03-02 11:55:18,EP-500,ErgoPro 500,Mid,3,649,1947,ERGO15,303.93,1643.07,Yes,No,No,No,checkout,found_cheaper,,desktop,paid_search,
FNL-00385,f09d9750f7c24d,U102327,2026-01-03 03:12:21,EP-200,ErgoPro 200,Entry,3,349,1047,LAUNCH20,121.9,925.1,Yes,No,No,No,checkout,found_cheaper,,mobile,email,
FNL-00386,0526997ef1de44,U395924,2025-12-10 12:20:40,EP-500,ErgoPro 500,Mid,3,649,1947,ERGO15,312.59,1634.41,Yes,No,No,No,checkout,,,desktop,social,
FNL-00387,02fb7bcd1f554e,U225814,2025-12-19 13:48:48,EP-900,ErgoPro 900,Premium,2,999,1998,ERGO15,342.62,1655.38,Yes,No,No,No,checkout,just_browsing,,desktop,paid_search,
FNL-00388,08ef89b9911c45,U449803,2026-03-07 07:51:43,EP-900,ErgoPro 900,Premium,1,999,999,,0,999,Yes,Yes,Yes,No,cart,just_browsing,,mobile,organic_search,
FNL-00389,9501bf2acb3846,U158117,2026-02-07 06:09:31,EP-500,ErgoPro 500,Mid,2,649,1298,,0,1298,Yes,Yes,Yes,No,cart,found_cheaper,,desktop,referral,
FNL-00390,c5e69a5345734f,U367735,2026-03-23 01:54:48,EP-500,ErgoPro 500,Mid,2,649,1298,EMPLOYEE20,225.29,1072.71,Yes,Yes,Yes,No,cart,price_too_high,,desktop,affiliate,
FNL-00391,a5668c7226dc4a,U565658,2026-02-08 11:26:37,EP-500,ErgoPro 500,Mid,2,649,1298,,0,1298,Yes,Yes,Yes,No,cart,price_too_high,,mobile,paid_search,
FNL-00392,ae1e30d888c746,U551811,2026-02-04 04:09:00,EP-900,ErgoPro 900,Premium,2,999,1998,SAVE75,275.18,1722.82,Yes,No,No,No,checkout,found_cheaper,,mobile,social,
FNL-00393,9dd88a5ec39440,U468520,2025-10-19 16:22:08,EP-200,ErgoPro 200,Entry,1,349,349,LAUNCH20,64.31,284.69,Yes,Yes,No,No,payment,,,mobile,social,
FNL-00394,95840df5017440,U689110,2025-12-15 17:40:04,EP-900,ErgoPro 900,Premium,1,999,999,SAVE75,126.53,872.47,Yes,Yes,Yes,Yes,,,affirm,desktop,social,29.1
FNL-00395,6ea96ab8ff4744,U490706,2025-10-03 23:40:04,EP-900,ErgoPro 900,Premium,1,999,999,,0,999,Yes,No,No,No,checkout,,,mobile,social,
FNL-00396,2154613ebce047,U233645,2025-11-29 23:22:31,EP-900,ErgoPro 900,Premium,1,999,999,SAVE75,100.12,898.88,Yes,Yes,Yes,Yes,,,apple_pay,desktop,paid_search,6.5
FNL-00397,7d4b527075ce40,U816244,2026-03-01 11:49:42,EP-200,ErgoPro 200,Entry,2,349,698,SAVE75,80.74,617.26,Yes,Yes,Yes,No,cart,,,desktop,organic_search,
FNL-00398,6fb19415e20e42,U647793,2026-02-19 10:26:24,EP-500,ErgoPro 500,Mid,1,649,649,ERGO15,77.63,571.37,Yes,No,No,No,checkout,just_browsing,,mobile,organic_search,
FNL-00399,cf095ec1b66943,U898055,2025-12-18 19:28:25,EP-900,ErgoPro 900,Premium,1,999,999,,0,999,Yes,Yes,Yes,Yes,,,apple_pay,tablet,social,79.8
FNL-00400,7c57891bcc684c,U396687,2025-11-23 00:25:04,EP-500,ErgoPro 500,Mid,2,649,1298,,0,1298,Yes,Yes,No,No,payment,found_cheaper,,desktop,organic_search,
FNL-00401,28d24a2e4ae04e,U706678,2025-11-11 01:27:05,EP-500,ErgoPro 500,Mid,1,649,649,LAUNCH20,114.0,535.0,Yes,Yes,No,No,payment,found_cheaper,,mobile,email,
FNL-00402,4cfad4ba35f844,U222120,2026-03-28 21:36:45,EP-900,ErgoPro 900,Premium,1,999,999,,0,999,Yes,No,No,No,checkout,price_too_high,,desktop,direct,
FNL-00403,cf6315f02d8744,U393881,2026-03-15 23:37:14,EP-900,ErgoPro 900,Premium,2,999,1998,,0,1998,Yes,No,No,No,checkout,payment_issue,,desktop,organic_search,
FNL-00404,624113263da349,U511747,2026-03-01 09:32:17,EP-200,ErgoPro 200,Entry,1,349,349,LAUNCH20,41.25,307.75,Yes,No,No,No,checkout,session_timeout,,tablet,direct,
FNL-00405,7162396d30a547,U611737,2026-03-01 23:20:14,EP-900,ErgoPro 900,Premium,3,999,2997,LAUNCH20,392.67,2604.33,Yes,No,No,No,checkout,just_browsing,,desktop,organic_search,
FNL-00406,d2d5fa4f0ee649,U255613,2026-02-25 22:17:25,EP-200,ErgoPro 200,Entry,2,349,698,,0,698,Yes,Yes,No,No,payment,just_browsing,,desktop,direct,
FNL-00407,17daf8880cd94b,U474684,2026-01-18 23:16:17,EP-500,ErgoPro 500,Mid,2,649,1298,SAVE75,233.37,1064.63,Yes,Yes,Yes,Yes,,,apple_pay,mobile,email,22.7
FNL-00408,408ead5d263643,U516451,2026-01-07 01:53:11,EP-900,ErgoPro 900,Premium,2,999,1998,,0,1998,Yes,Yes,No,No,payment,found_cheaper,,mobile,paid_search,
FNL-00409,15f8385e2a2c4e,U605917,2025-10-26 09:41:45,EP-200,ErgoPro 200,Entry,2,349,698,,0,698,Yes,No,No,No,checkout,payment_issue,,mobile,direct,
FNL-00410,61ccf3b04c5b48,U975189,2026-01-01 21:27:19,EP-500,ErgoPro 500,Mid,2,649,1298,,0,1298,Yes,No,No,No,checkout,session_timeout,,tablet,organic_search,
FNL-00411,a4a66d550a8c47,U294947,2026-03-15 07:02:50,EP-900,ErgoPro 900,Premium,3,999,2997,EMPLOYEE20,382.86,2614.14,Yes,Yes,Yes,No,cart,,,mobile,organic_search,
FNL-00412,be87f85c36c845,U587173,2025-10-05 19:26:36,EP-900,ErgoPro 900,Premium,3,999,2997,SAVE75,512.76,2484.24,Yes,Yes,Yes,Yes,,,credit_card,mobile,paid_search,5.4
FNL-00413,22e01558883f42,U769681,2026-01-21 00:01:25,EP-200,ErgoPro 200,Entry,1,349,349,SAVE75,37.62,311.38,Yes,Yes,Yes,Yes,,,credit_card,desktop,social,71.0
FNL-00414,da8da9ff9a894e,U516399,2025-10-10 02:28:45,EP-900,ErgoPro 900,Premium,3,999,2997,,0,2997,Yes,No,No,No,checkout,just_browsing,,mobile,paid_search,
FNL-00415,ab192e0e0d6248,U270478,2026-01-24 05:50:57,EP-500,ErgoPro 500,Mid,1,649,649,,0,649,Yes,No,No,No,checkout,price_too_high,,desktop,organic_search,
FNL-00416,ab3c74bc5cbf4c,U173731,2025-10-02 20:08:41,EP-500,ErgoPro 500,Mid,2,649,1298,,0,1298,Yes,Yes,No,No,payment,payment_issue,,desktop,organic_search,
FNL-00417,eb41bb7257a94f,U366083,2026-03-06 00:59:23,EP-200,ErgoPro 200,Entry,3,349,1047,,0,1047,Yes,Yes,No,No,payment,shipping_cost,,tablet,email,
FNL-00418,a399cd2dfe0849,U983059,2025-10-20 12:26:31,EP-200,ErgoPro 200,Entry,1,349,349,,0,349,Yes,Yes,Yes,No,cart,found_cheaper,,desktop,organic_search,
FNL-00419,e5b10d0cf0864f,U970679,2025-12-04 03:15:27,EP-200,ErgoPro 200,Entry,3,349,1047,SAVE75,174.4,872.6,Yes,Yes,Yes,Yes,,,credit_card,mobile,paid_search,8.2
FNL-00420,d2f2e713f3ff4b,U308816,2026-02-25 06:40:59,EP-500,ErgoPro 500,Mid,2,649,1298,EMPLOYEE20,165.49,1132.51,Yes,No,No,No,checkout,,,desktop,referral,
FNL-00421,aaa47b360f8545,U219304,2025-12-05 19:01:15,EP-200,ErgoPro 200,Entry,3,349,1047,SAVE75,148.61,898.39,Yes,Yes,Yes,Yes,,,apple_pay,mobile,paid_search,59.4
FNL-00422,eb9c1aa95f9a41,U652001,2025-12-13 20:11:43,EP-500,ErgoPro 500,Mid,1,649,649,,0,649,Yes,Yes,Yes,No,cart,session_timeout,,desktop,paid_search,
FNL-00423,3866cff50e704e,U962255,2025-10-28 18:10:42,EP-500,ErgoPro 500,Mid,2,649,1298,,0,1298,Yes,Yes,Yes,Yes,,,apple_pay,mobile,direct,29.5
FNL-00424,2d43f2686eaf44,U374918,2025-11-23 15:15:49,EP-500,ErgoPro 500,Mid,3,649,1947,SAVE75,235.6,1711.4,Yes,Yes,Yes,Yes,,,paypal,tablet,email,72.9
FNL-00425,4675394044e945,U606951,2026-03-02 07:58:09,EP-500,ErgoPro 500,Mid,2,649,1298,,0,1298,Yes,Yes,Yes,Yes,,,credit_card,tablet,referral,73.5
FNL-00426,c92ce84a24c349,U788186,2025-10-29 04:12:10,EP-500,ErgoPro 500,Mid,2,649,1298,,0,1298,Yes,Yes,Yes,Yes,,,apple_pay,mobile,social,10.2
FNL-00427,8b563b86037346,U264993,2025-10-10 14:08:53,EP-900,ErgoPro 900,Premium,2,999,1998,EMPLOYEE20,215.31,1782.69,Yes,Yes,Yes,Yes,,,paypal,tablet,organic_search,70.1
FNL-00428,67ed38e3e49b46,U157469,2025-10-20 11:53:35,EP-500,ErgoPro 500,Mid,2,649,1298,,0,1298,Yes,No,No,No,checkout,payment_issue,,desktop,email,
FNL-00429,4c6b9fcf1c264c,U180754,2025-12-19 15:25:31,EP-500,ErgoPro 500,Mid,3,649,1947,,0,1947,Yes,Yes,Yes,Yes,,,apple_pay,desktop,paid_search,39.5
FNL-00430,ab98dbeece2b4d,U973908,2025-10-05 00:52:28,EP-200,ErgoPro 200,Entry,1,349,349,LAUNCH20,58.66,290.34,Yes,Yes,Yes,Yes,,,credit_card,mobile,organic_search,89.3
FNL-00431,6865ed2f438a40,U588323,2025-10-11 15:18:09,EP-500,ErgoPro 500,Mid,2,649,1298,,0,1298,Yes,No,No,No,checkout,,,desktop,direct,
FNL-00432,3e76f3e6023043,U626616,2026-03-23 19:33:40,EP-500,ErgoPro 500,Mid,2,649,1298,,0,1298,Yes,Yes,Yes,No,cart,,,desktop,organic_search,
FNL-00433,94be8dc5f5e441,U984743,2026-02-23 23:34:11,EP-200,ErgoPro 200,Entry,1,349,349,,0,349,Yes,Yes,No,No,payment,found_cheaper,,tablet,direct,
FNL-00434,ffef25e7560741,U126454,2025-12-27 17:55:45,EP-200,ErgoPro 200,Entry,2,349,698,EMPLOYEE20,93.94,604.06,Yes,Yes,Yes,Yes,,,paypal,desktop,social,68.0
FNL-00435,9b792f035f6443,U598455,2025-12-01 01:39:29,EP-900,ErgoPro 900,Premium,1,999,999,,0,999,Yes,Yes,Yes,Yes,,,apple_pay,desktop,referral,61.1
FNL-00436,591d570b9cba46,U859881,2025-10-24 08:40:08,EP-500,ErgoPro 500,Mid,2,649,1298,ERGO15,183.0,1115.0,Yes,No,No,No,checkout,session_timeout,,tablet,paid_search,
FNL-00437,d483c13cf89442,U913149,2026-01-03 16:46:41,EP-900,ErgoPro 900,Premium,3,999,2997,LAUNCH20,419.18,2577.82,Yes,No,No,No,checkout,just_browsing,,desktop,paid_search,
FNL-00438,c9fd79eca05a47,U316970,2025-11-26 10:54:41,EP-200,ErgoPro 200,Entry,1,349,349,,0,349,Yes,No,No,No,checkout,shipping_cost,,mobile,email,
FNL-00439,f6da1894fa6441,U831577,2026-03-19 13:23:31,EP-900,ErgoPro 900,Premium,2,999,1998,EMPLOYEE20,359.41,1638.59,Yes,No,No,No,checkout,session_timeout,,desktop,paid_search,
FNL-00440,5d645d25c3844c,U126322,2025-12-30 05:45:52,EP-900,ErgoPro 900,Premium,2,999,1998,,0,1998,Yes,No,No,No,checkout,payment_issue,,mobile,organic_search,
FNL-00441,802981fa689a41,U912362,2026-03-22 14:42:33,EP-900,ErgoPro 900,Premium,1,999,999,LAUNCH20,122.3,876.7,Yes,Yes,Yes,Yes,,,apple_pay,desktop,email,16.8
FNL-00442,b7878d1c697d41,U530921,2025-11-24 19:49:54,EP-500,ErgoPro 500,Mid,3,649,1947,,0,1947,Yes,Yes,Yes,Yes,,,credit_card,desktop,paid_search,61.0
FNL-00443,b3db0c3ca76c42,U352508,2025-10-30 00:37:09,EP-200,ErgoPro 200,Entry,3,349,1047,,0,1047,Yes,Yes,Yes,Yes,,,apple_pay,mobile,email,52.6
FNL-00444,840279a237f34d,U155200,2025-10-11 14:07:54,EP-200,ErgoPro 200,Entry,1,349,349,,0,349,Yes,Yes,Yes,No,cart,session_timeout,,mobile,paid_search,
FNL-00445,d5467cbeb71a4f,U849268,2025-10-06 08:12:46,EP-900,ErgoPro 900,Premium,2,999,1998,SAVE75,398.91,1599.09,Yes,No,No,No,checkout,shipping_cost,,desktop,paid_search,
FNL-00446,d4b275d89a4241,U334175,2026-02-05 04:14:39,EP-200,ErgoPro 200,Entry,2,349,698,,0,698,Yes,No,No,No,checkout,session_timeout,,tablet,referral,
FNL-00447,b1d3c9e3eb9947,U875199,2026-03-18 17:05:51,EP-900,ErgoPro 900,Premium,1,999,999,,0,999,Yes,Yes,No,No,payment,session_timeout,,desktop,direct,
FNL-00448,ec13c51bbe6d4a,U840482,2025-12-10 03:06:14,EP-900,ErgoPro 900,Premium,1,999,999,SAVE75,194.33,804.67,Yes,No,No,No,checkout,just_browsing,,tablet,organic_search,
FNL-00449,6852a19ce60148,U324420,2026-02-25 11:37:07,EP-500,ErgoPro 500,Mid,1,649,649,,0,649,Yes,Yes,Yes,Yes,,,shop_pay,tablet,paid_search,55.5
FNL-00450,ad9f910144b647,U860814,2026-02-24 19:18:27,EP-500,ErgoPro 500,Mid,2,649,1298,,0,1298,Yes,Yes,No,No,payment,,,mobile,paid_search,
FNL-00451,7ac2428d9e4249,U247634,2025-11-24 15:57:22,EP-200,ErgoPro 200,Entry,2,349,698,EMPLOYEE20,118.13,579.87,Yes,No,No,No,checkout,session_timeout,,desktop,social,
FNL-00452,2810bcff29704a,U539144,2026-02-12 02:58:23,EP-200,ErgoPro 200,Entry,2,349,698,,0,698,Yes,Yes,Yes,Yes,,,shop_pay,mobile,referral,83.5
FNL-00453,4dd238837e9a41,U142285,2026-02-16 20:00:40,EP-500,ErgoPro 500,Mid,2,649,1298,ERGO15,195.2,1102.8,Yes,Yes,Yes,Yes,,,affirm,tablet,paid_search,49.8
FNL-00454,06a2cc70d55544,U709545,2026-01-26 19:33:23,EP-200,ErgoPro 200,Entry,2,349,698,,0,698,Yes,No,No,No,checkout,just_browsing,,desktop,paid_search,
FNL-00455,4c3d63ae0a9c4b,U738655,2026-01-22 21:40:56,EP-500,ErgoPro 500,Mid,2,649,1298,LAUNCH20,254.61,1043.39,Yes,No,No,No,checkout,session_timeout,,tablet,social,
FNL-00456,917635ba08ed48,U199337,2025-12-27 00:42:47,EP-900,ErgoPro 900,Premium,1,999,999,,0,999,Yes,Yes,Yes,Yes,,,credit_card,desktop,direct,29.5
FNL-00457,febdb86320fc4b,U293141,2026-03-06 17:10:00,EP-200,ErgoPro 200,Entry,3,349,1047,EMPLOYEE20,129.03,917.97,Yes,Yes,No,No,payment,shipping_cost,,desktop,referral,
FNL-00458,80faab06b65f45,U416470,2026-03-20 04:28:37,EP-200,ErgoPro 200,Entry,1,349,349,,0,349,Yes,No,No,No,checkout,session_timeout,,tablet,email,
FNL-00459,848bd2c7e28e45,U683805,2025-10-28 02:55:01,EP-200,ErgoPro 200,Entry,2,349,698,LAUNCH20,134.11,563.89,Yes,Yes,Yes,Yes,,,affirm,mobile,paid_search,88.8
FNL-00460,3cba82dbb4604b,U852103,2025-11-10 03:11:59,EP-900,ErgoPro 900,Premium,3,999,2997,,0,2997,Yes,Yes,Yes,Yes,,,credit_card,desktop,organic_search,34.9
FNL-00461,84f8b57b8b9d4e,U916209,2025-10-09 03:09:24,EP-900,ErgoPro 900,Premium,3,999,2997,LAUNCH20,439.95,2557.05,Yes,Yes,Yes,Yes,,,shop_pay,desktop,social,83.3
FNL-00462,4b421fd031e349,U357851,2026-03-22 05:38:30,EP-900,ErgoPro 900,Premium,2,999,1998,,0,1998,Yes,Yes,No,No,payment,payment_issue,,desktop,direct,
FNL-00463,d5b283cad82d4f,U889758,2025-11-20 07:29:52,EP-900,ErgoPro 900,Premium,3,999,2997,SAVE75,335.18,2661.82,Yes,No,No,No,checkout,session_timeout,,mobile,organic_search,
FNL-00464,edf0d2a697f848,U866693,2026-01-17 17:20:11,EP-500,ErgoPro 500,Mid,1,649,649,LAUNCH20,82.12,566.88,Yes,Yes,Yes,Yes,,,credit_card,desktop,direct,89.2
FNL-00465,7d936ba03c2a4e,U726349,2025-12-16 20:41:42,EP-900,ErgoPro 900,Premium,1,999,999,EMPLOYEE20,125.63,873.37,Yes,No,No,No,checkout,found_cheaper,,mobile,paid_search,
FNL-00466,f017bffaa5ca40,U218727,2026-02-08 20:13:41,EP-900,ErgoPro 900,Premium,1,999,999,LAUNCH20,120.38,878.62,Yes,No,No,No,checkout,just_browsing,,mobile,paid_search,
FNL-00467,ef7c9ac570c24b,U957438,2025-11-14 04:13:41,EP-200,ErgoPro 200,Entry,3,349,1047,,0,1047,Yes,No,No,No,checkout,found_cheaper,,desktop,email,
FNL-00468,8c332045875146,U800446,2025-11-06 21:39:05,EP-200,ErgoPro 200,Entry,3,349,1047,,0,1047,Yes,Yes,No,No,payment,just_browsing,,mobile,organic_search,
FNL-00469,bcd9bd561e8c4d,U938933,2025-12-24 18:36:19,EP-900,ErgoPro 900,Premium,3,999,2997,ERGO15,573.41,2423.59,Yes,Yes,Yes,Yes,,,apple_pay,tablet,organic_search,50.6
FNL-00470,de17bb47bd2742,U144626,2026-01-06 09:39:57,EP-200,ErgoPro 200,Entry,2,349,698,,0,698,Yes,Yes,Yes,Yes,,,credit_card,mobile,paid_search,25.9
FNL-00471,fe96af3ea86a4b,U999847,2025-12-29 08:27:47,EP-200,ErgoPro 200,Entry,3,349,1047,SAVE75,153.05,893.95,Yes,Yes,No,No,payment,price_too_high,,mobile,referral,
FNL-00472,44fc70edf66140,U883070,2025-10-05 01:31:31,EP-500,ErgoPro 500,Mid,3,649,1947,EMPLOYEE20,348.98,1598.02,Yes,No,No,No,checkout,session_timeout,,mobile,direct,
FNL-00473,5c9ae1b9ac5c43,U308016,2026-03-12 02:25:48,EP-900,ErgoPro 900,Premium,2,999,1998,,0,1998,Yes,No,No,No,checkout,shipping_cost,,tablet,direct,
FNL-00474,43941796ca4f40,U579664,2025-11-13 13:54:01,EP-500,ErgoPro 500,Mid,3,649,1947,,0,1947,Yes,Yes,Yes,Yes,,,credit_card,tablet,social,18.9
FNL-00475,2d698af523d448,U229835,2026-01-30 01:25:07,EP-500,ErgoPro 500,Mid,3,649,1947,,0,1947,Yes,No,No,No,checkout,,,tablet,direct,
FNL-00476,62a87464028f47,U106174,2025-10-24 03:35:35,EP-500,ErgoPro 500,Mid,1,649,649,,0,649,Yes,Yes,Yes,Yes,,,affirm,desktop,email,57.5
FNL-00477,be7f5af1870c4e,U411091,2026-03-04 11:06:47,EP-900,ErgoPro 900,Premium,1,999,999,SAVE75,180.48,818.52,Yes,Yes,Yes,Yes,,,apple_pay,mobile,organic_search,84.9
FNL-00478,d88ad642617f45,U325985,2026-03-31 05:59:29,EP-500,ErgoPro 500,Mid,1,649,649,,0,649,Yes,Yes,No,No,payment,price_too_high,,mobile,paid_search,
FNL-00479,28d4b06414cf48,U865829,2026-03-03 00:30:44,EP-500,ErgoPro 500,Mid,1,649,649,LAUNCH20,79.59,569.41,Yes,Yes,No,No,payment,shipping_cost,,desktop,referral,
FNL-00480,9dfae37c8b6847,U660957,2025-10-08 15:43:38,EP-900,ErgoPro 900,Premium,3,999,2997,,0,2997,Yes,Yes,No,No,payment,session_timeout,,desktop,direct,
FNL-00481,1c515f994d264a,U807603,2025-11-08 03:28:29,EP-900,ErgoPro 900,Premium,1,999,999,EMPLOYEE20,164.36,834.64,Yes,Yes,Yes,Yes,,,affirm,desktop,social,7.5
FNL-00482,60b452315d904a,U298766,2025-10-06 14:39:38,EP-900,ErgoPro 900,Premium,3,999,2997,,0,2997,Yes,Yes,Yes,No,cart,,,mobile,direct,
FNL-00483,9d2b22291b144f,U623525,2026-02-20 19:47:43,EP-500,ErgoPro 500,Mid,2,649,1298,EMPLOYEE20,180.6,1117.4,Yes,Yes,Yes,No,cart,,,mobile,organic_search,
FNL-00484,d585e580e25b4b,U534409,2026-02-08 21:08:20,EP-200,ErgoPro 200,Entry,1,349,349,LAUNCH20,41.86,307.14,Yes,No,No,No,checkout,,,tablet,organic_search,
FNL-00485,2e929da569ea49,U263805,2025-11-07 12:08:50,EP-200,ErgoPro 200,Entry,2,349,698,,0,698,Yes,Yes,Yes,Yes,,,paypal,desktop,referral,74.3
FNL-00486,1ee0d4a41ded42,U339015,2026-03-10 04:09:00,EP-900,ErgoPro 900,Premium,3,999,2997,SAVE75,315.77,2681.23,Yes,Yes,Yes,Yes,,,apple_pay,desktop,social,25.0
FNL-00487,629177b0da0a42,U456543,2025-10-11 20:57:14,EP-900,ErgoPro 900,Premium,1,999,999,EMPLOYEE20,184.94,814.06,Yes,Yes,Yes,Yes,,,apple_pay,desktop,organic_search,5.6
FNL-00488,4dbbf224063042,U799209,2026-03-31 06:13:50,EP-200,ErgoPro 200,Entry,3,349,1047,,0,1047,Yes,Yes,Yes,Yes,,,affirm,desktop,affiliate,8.8
FNL-00489,e61508ad14b847,U224488,2025-10-16 17:23:20,EP-900,ErgoPro 900,Premium,1,999,999,ERGO15,151.59,847.41,Yes,No,No,No,checkout,just_browsing,,desktop,organic_search,
FNL-00490,15642105de2c4c,U181172,2026-02-21 01:22:42,EP-500,ErgoPro 500,Mid,2,649,1298,SAVE75,174.05,1123.95,Yes,No,No,No,checkout,,,desktop,email,
FNL-00491,4f30b9ee9c1b48,U240961,2026-03-04 15:46:54,EP-200,ErgoPro 200,Entry,3,349,1047,LAUNCH20,146.12,900.88,Yes,No,No,No,checkout,price_too_high,,mobile,paid_search,
FNL-00492,b9f3d5c7c1a640,U766886,2025-12-14 01:50:34,EP-900,ErgoPro 900,Premium,2,999,1998,,0,1998,Yes,Yes,Yes,Yes,,,shop_pay,desktop,paid_search,85.9
FNL-00493,bd2ddad7cd644f,U460279,2026-01-31 23:39:37,EP-500,ErgoPro 500,Mid,2,649,1298,LAUNCH20,224.5,1073.5,Yes,Yes,No,No,payment,,,desktop,organic_search,
FNL-00494,f970ba86e73041,U138510,2025-11-09 02:24:18,EP-500,ErgoPro 500,Mid,3,649,1947,LAUNCH20,280.64,1666.36,Yes,No,No,No,checkout,shipping_cost,,tablet,email,
FNL-00495,950dace2e4374b,U574727,2026-03-22 03:56:03,EP-900,ErgoPro 900,Premium,3,999,2997,LAUNCH20,593.41,2403.59,Yes,Yes,Yes,Yes,,,shop_pay,mobile,email,37.3
FNL-00496,0f74df9ec68543,U855347,2025-10-29 10:19:19,EP-900,ErgoPro 900,Premium,1,999,999,EMPLOYEE20,159.04,839.96,Yes,No,No,No,checkout,,,mobile,email,
FNL-00497,b8e644335b7945,U730893,2025-11-19 15:50:34,EP-900,ErgoPro 900,Premium,2,999,1998,,0,1998,Yes,Yes,Yes,Yes,,,credit_card,mobile,social,71.7
FNL-00498,a5a8c8283dd942,U646867,2025-12-23 09:13:13,EP-500,ErgoPro 500,Mid,3,649,1947,,0,1947,Yes,Yes,Yes,Yes,,,shop_pay,desktop,organic_search,37.7
FNL-00499,c68c4aa4d26040,U202419,2026-01-25 16:27:56,EP-900,ErgoPro 900,Premium,1,999,999,ERGO15,151.74,847.26,Yes,Yes,Yes,Yes,,,affirm,mobile,paid_search,38.2
FNL-00500,b441ba7e331a4d,U267700,2026-01-12 00:32:20,EP-900,ErgoPro 900,Premium,1,999,999,LAUNCH20,163.08,835.92,Yes,No,No,No,checkout,session_timeout,,desktop,email,
