event_id,session_id,user_id,event_timestamp,sku,product_name,tier,device_type,interaction_type,scroll_depth_pct,time_on_page_sec,images_viewed,reviews_read,referrer_page,added_to_cart,purchased
EVT-00001,73c707f280c648,U798088,2026-01-23 15:57:12,EP-200,ErgoPro 200,Entry,desktop,spec_tab_click,52,376,4,6,/compare,No,No
EVT-00002,2acb4f2254da44,U108647,2026-02-17 00:56:43,EP-500,ErgoPro 500,Mid,desktop,sticky_cta_click,81,230,2,12,/,Yes,No
EVT-00003,a122b3eca60246,U865789,2026-03-28 17:02:21,EP-500,ErgoPro 500,Mid,desktop,faq_expand,61,356,7,14,/products,No,No
EVT-00004,f62dd2dd7d5841,U994985,2025-12-21 04:52:13,EP-200,ErgoPro 200,Entry,mobile,review_filter,60,124,7,7,/blog/best-ergonomic-chairs-2026,No,No
EVT-00005,8e1a5fe06f9f45,U360059,2026-02-01 14:20:09,EP-900,ErgoPro 900,Premium,mobile,sticky_cta_click,88,171,2,11,/products,Yes,No
EVT-00006,22e0f0ab2cf648,U477745,2025-10-18 21:35:56,EP-900,ErgoPro 900,Premium,desktop,sticky_cta_click,34,326,1,10,,No,No
EVT-00007,3751d7b9259945,U316107,2026-01-06 23:04:32,EP-200,ErgoPro 200,Entry,tablet,chat_open,96,301,7,14,/compare,No,No
EVT-00008,c42755cf8a5141,U540663,2026-02-10 18:09:56,EP-200,ErgoPro 200,Entry,mobile,size_guide_open,83,242,3,13,/products/ergo-pro-500,No,No
EVT-00009,54f300fab7d14e,U502274,2026-03-03 18:56:16,EP-200,ErgoPro 200,Entry,desktop,chat_open,89,141,1,8,/compare,Yes,No
EVT-00010,88dd5b0a9ef645,U470081,2025-10-22 16:39:49,EP-500,ErgoPro 500,Mid,tablet,chat_open,72,78,6,5,/products/ergo-pro-500,Yes,No
EVT-00011,a9e46640136949,U946246,2025-12-25 08:08:37,EP-900,ErgoPro 900,Premium,desktop,360_view,13,285,3,3,/products/ergo-pro-500,No,No
EVT-00012,886b7df391ee49,U715769,2026-01-15 14:37:45,EP-900,ErgoPro 900,Premium,tablet,360_view,75,115,3,3,/products/ergo-pro-200,Yes,No
EVT-00013,b4c253e57fb841,U163803,2025-10-20 11:11:21,EP-200,ErgoPro 200,Entry,mobile,faq_expand,12,289,4,14,/products/ergo-pro-200,No,No
EVT-00014,3cbfc66f12c44b,U144272,2025-12-14 00:43:35,EP-900,ErgoPro 900,Premium,desktop,lumbar_detail_click,24,312,2,11,/products/ergo-pro-500,No,No
EVT-00015,f3dac1546c5642,U838022,2026-03-10 04:59:10,EP-900,ErgoPro 900,Premium,mobile,sticky_cta_click,79,170,4,15,,No,No
EVT-00016,b992b754e27f49,U349163,2025-11-02 08:32:26,EP-900,ErgoPro 900,Premium,desktop,360_view,51,253,2,3,/,No,No
EVT-00017,70abff503f2349,U927159,2026-03-04 06:23:28,EP-200,ErgoPro 200,Entry,mobile,chat_open,90,247,5,4,/compare,No,No
EVT-00018,9db4966059274b,U166330,2026-01-23 12:22:27,EP-900,ErgoPro 900,Premium,tablet,faq_expand,58,76,6,11,/compare,No,No
EVT-00019,93a083fc37da40,U764773,2025-11-09 00:46:07,EP-200,ErgoPro 200,Entry,desktop,review_filter,49,271,3,5,,No,No
EVT-00020,9e76f759df5944,U891845,2025-11-12 19:15:07,EP-500,ErgoPro 500,Mid,mobile,color_swatch_click,58,471,4,12,/products/ergo-pro-200,No,No
EVT-00021,318bbfdf8d8348,U878703,2025-12-20 03:51:03,EP-500,ErgoPro 500,Mid,tablet,faq_expand,10,84,7,6,/,No,No
EVT-00022,5f0d3a5c0d2342,U755947,2025-12-17 13:03:33,EP-500,ErgoPro 500,Mid,mobile,review_scroll,37,469,3,7,/blog/best-ergonomic-chairs-2026,No,No
EVT-00023,bcdcce8002a846,U883095,2026-03-23 08:26:05,EP-200,ErgoPro 200,Entry,desktop,spec_tab_click,95,140,1,2,/blog/best-ergonomic-chairs-2026,No,No
EVT-00024,46f19659b13941,U152973,2026-02-19 01:36:01,EP-200,ErgoPro 200,Entry,mobile,review_filter,96,321,5,5,/,No,No
EVT-00025,bffbaa8b9bb343,U980709,2026-03-20 03:45:04,EP-200,ErgoPro 200,Entry,tablet,faq_expand,33,420,5,12,/compare,No,No
EVT-00026,bc3a8789f56e4c,U351733,2026-01-05 08:33:59,EP-900,ErgoPro 900,Premium,desktop,wishlist_add,26,184,2,1,/products/ergo-pro-200,No,No
EVT-00027,eb7f56291e314f,U250919,2026-02-02 22:45:49,EP-900,ErgoPro 900,Premium,mobile,360_view,11,65,5,2,/products,No,No
EVT-00028,571db562defe4c,U178421,2026-02-01 02:04:42,EP-200,ErgoPro 200,Entry,tablet,review_filter,63,375,2,6,/,No,No
EVT-00029,c6f57e76815646,U278267,2025-11-29 09:22:27,EP-200,ErgoPro 200,Entry,mobile,spec_tab_click,93,190,8,8,/,Yes,Yes
EVT-00030,1a7257eac7794e,U281328,2026-01-19 07:17:17,EP-200,ErgoPro 200,Entry,mobile,color_swatch_click,33,318,4,12,/products,No,No
EVT-00031,c7cd2b1c552842,U348153,2025-12-07 09:53:52,EP-200,ErgoPro 200,Entry,mobile,review_filter,32,69,2,11,,No,No
EVT-00032,d5c88f1af55f48,U367228,2025-10-10 08:27:57,EP-200,ErgoPro 200,Entry,desktop,share_click,95,359,4,7,,No,No
EVT-00033,97cb457104c641,U525246,2026-03-25 10:04:00,EP-500,ErgoPro 500,Mid,desktop,360_view,39,263,7,10,/blog/best-ergonomic-chairs-2026,No,No
EVT-00034,803f146947d94e,U798767,2025-10-25 07:05:29,EP-200,ErgoPro 200,Entry,tablet,lumbar_detail_click,20,209,4,14,/compare,No,No
EVT-00035,58917a47c19f4b,U485494,2025-12-11 22:02:23,EP-900,ErgoPro 900,Premium,mobile,review_filter,48,60,8,10,,No,No
EVT-00036,f87c241f578b4f,U196136,2026-02-27 20:16:30,EP-500,ErgoPro 500,Mid,desktop,color_swatch_click,87,186,7,6,/blog/best-ergonomic-chairs-2026,No,No
EVT-00037,fafc7658ab6740,U867497,2026-01-11 14:31:47,EP-900,ErgoPro 900,Premium,mobile,wishlist_add,27,370,4,15,/products,No,No
EVT-00038,8fca861b6d174e,U941117,2026-03-13 14:41:36,EP-500,ErgoPro 500,Mid,desktop,faq_expand,98,215,6,3,/blog/best-ergonomic-chairs-2026,No,No
EVT-00039,ed59cd6e693a40,U315175,2025-11-07 21:57:47,EP-900,ErgoPro 900,Premium,desktop,share_click,72,322,4,7,/products/ergo-pro-500,No,No
EVT-00040,e7644ba0d21748,U424641,2025-10-21 01:46:38,EP-900,ErgoPro 900,Premium,desktop,compare_add,59,43,3,14,/products,No,No
EVT-00041,0bbad8d5b86f42,U502014,2026-03-11 08:36:20,EP-900,ErgoPro 900,Premium,tablet,color_swatch_click,96,95,5,3,/products/ergo-pro-500,No,No
EVT-00042,e10af665c47f4e,U393691,2026-01-22 08:29:01,EP-900,ErgoPro 900,Premium,desktop,share_click,22,152,6,15,,No,No
EVT-00043,53fe248fecc74b,U853201,2026-02-03 19:38:07,EP-200,ErgoPro 200,Entry,mobile,lumbar_detail_click,91,408,1,0,/products/ergo-pro-500,No,No
EVT-00044,5ddb50132c0a44,U186908,2025-11-08 04:57:09,EP-500,ErgoPro 500,Mid,desktop,image_gallery_click,97,443,1,14,/products/ergo-pro-500,No,No
EVT-00045,67ba740d46fd43,U256479,2025-11-13 00:50:32,EP-500,ErgoPro 500,Mid,desktop,360_view,38,371,6,4,/products/ergo-pro-500,No,No
EVT-00046,50c39ee1163344,U865492,2025-11-08 08:41:34,EP-900,ErgoPro 900,Premium,desktop,spec_tab_click,58,172,7,4,/compare,No,No
EVT-00047,99d4f739ac484a,U485489,2026-03-23 02:31:48,EP-900,ErgoPro 900,Premium,desktop,chat_open,19,54,2,3,,No,No
EVT-00048,a6663735797a4d,U293515,2025-11-01 03:52:09,EP-900,ErgoPro 900,Premium,mobile,sticky_cta_click,56,109,1,8,/products/ergo-pro-500,No,No
EVT-00049,7d8dc5fda57846,U649216,2026-03-10 00:32:57,EP-900,ErgoPro 900,Premium,mobile,color_swatch_click,36,50,6,1,/products,No,No
EVT-00050,2dc74720c8064c,U926955,2025-11-26 16:28:32,EP-900,ErgoPro 900,Premium,desktop,lumbar_detail_click,44,96,4,3,/products/ergo-pro-500,No,No
EVT-00051,a4771f78550041,U212568,2025-11-14 00:47:29,EP-900,ErgoPro 900,Premium,mobile,color_swatch_click,87,187,6,0,/products/ergo-pro-500,No,No
EVT-00052,3a7a151a203f47,U855703,2026-01-12 07:10:31,EP-200,ErgoPro 200,Entry,tablet,color_swatch_click,38,275,7,3,/compare,No,No
EVT-00053,37d7352e3a0341,U642218,2026-01-16 04:20:18,EP-900,ErgoPro 900,Premium,desktop,faq_expand,57,245,7,5,,No,No
EVT-00054,a68d89ab6dd04f,U747520,2026-02-13 19:24:52,EP-500,ErgoPro 500,Mid,desktop,review_scroll,32,431,7,15,,No,No
EVT-00055,c5c867d20f0e4b,U501249,2025-10-28 11:57:12,EP-500,ErgoPro 500,Mid,desktop,image_gallery_click,66,229,5,1,/products,No,No
EVT-00056,d7cd172ecacf47,U745464,2025-11-12 15:32:12,EP-200,ErgoPro 200,Entry,desktop,wishlist_add,87,90,5,10,,No,No
EVT-00057,dad31f5537ac4d,U199043,2025-10-06 01:41:34,EP-500,ErgoPro 500,Mid,desktop,size_guide_open,75,353,6,5,/,Yes,Yes
EVT-00058,8343566aedb143,U371792,2025-12-20 00:26:31,EP-200,ErgoPro 200,Entry,desktop,wishlist_add,19,39,7,0,/products,No,No
EVT-00059,fd7fec09f61144,U352152,2025-10-10 05:02:43,EP-500,ErgoPro 500,Mid,desktop,wishlist_add,54,111,3,8,/compare,No,No
EVT-00060,15377444ed7644,U411922,2026-02-16 23:26:22,EP-900,ErgoPro 900,Premium,mobile,review_filter,47,41,1,2,/,No,No
EVT-00061,c39e085a53df41,U283043,2025-10-14 04:08:44,EP-200,ErgoPro 200,Entry,desktop,size_guide_open,44,323,4,15,/products/ergo-pro-200,No,No
EVT-00062,1223c006aa9b48,U688910,2026-02-19 21:57:51,EP-900,ErgoPro 900,Premium,desktop,video_play,66,156,3,4,/,No,No
EVT-00063,23c19dd5f41149,U130804,2025-10-25 09:35:48,EP-900,ErgoPro 900,Premium,mobile,share_click,91,273,5,9,/products,No,No
EVT-00064,766bf89d7b6840,U291135,2026-02-04 01:07:54,EP-500,ErgoPro 500,Mid,mobile,360_view,89,174,7,10,/blog/best-ergonomic-chairs-2026,Yes,No
EVT-00065,7bd858bbf6e048,U336948,2025-11-30 20:21:42,EP-200,ErgoPro 200,Entry,mobile,sticky_cta_click,14,56,6,1,/products/ergo-pro-200,No,No
EVT-00066,6793ffdd085e42,U475479,2025-12-16 21:45:12,EP-200,ErgoPro 200,Entry,mobile,share_click,30,41,1,7,/blog/best-ergonomic-chairs-2026,No,No
EVT-00067,9eb4621b28614a,U143964,2025-11-13 07:09:27,EP-900,ErgoPro 900,Premium,mobile,share_click,31,265,8,3,,No,No
EVT-00068,27ac6e6646c748,U536782,2026-02-19 12:15:35,EP-200,ErgoPro 200,Entry,tablet,chat_open,55,316,7,9,/products/ergo-pro-500,No,No
EVT-00069,aceb7891a76c49,U747271,2026-01-22 16:07:38,EP-500,ErgoPro 500,Mid,desktop,video_play,55,349,8,12,/products/ergo-pro-200,No,No
EVT-00070,6aad28d7e3d84f,U332973,2026-03-30 23:07:17,EP-500,ErgoPro 500,Mid,desktop,faq_expand,26,57,6,14,/products,No,No
EVT-00071,6d587b62a0b54a,U483889,2026-01-05 16:22:02,EP-900,ErgoPro 900,Premium,desktop,chat_open,13,473,1,2,/blog/best-ergonomic-chairs-2026,No,No
EVT-00072,3662cb21ef8c46,U665149,2025-12-06 14:57:01,EP-200,ErgoPro 200,Entry,desktop,360_view,62,417,8,15,/products/ergo-pro-500,Yes,Yes
EVT-00073,2217b55e75db44,U179898,2026-03-06 20:14:03,EP-900,ErgoPro 900,Premium,desktop,lumbar_detail_click,35,355,4,0,/compare,No,No
EVT-00074,c44631de712c46,U247833,2026-03-21 13:01:27,EP-900,ErgoPro 900,Premium,mobile,share_click,91,314,7,14,/products/ergo-pro-200,No,No
EVT-00075,c6c5b9e7390b40,U154466,2026-03-09 10:03:56,EP-200,ErgoPro 200,Entry,desktop,share_click,88,140,1,10,/compare,Yes,No
EVT-00076,f4c2655269e24f,U762274,2025-12-09 07:34:55,EP-500,ErgoPro 500,Mid,tablet,360_view,76,26,3,5,/,No,No
EVT-00077,af296751f75d4d,U557523,2026-01-12 20:38:59,EP-500,ErgoPro 500,Mid,desktop,image_gallery_click,60,217,4,6,/products/ergo-pro-200,No,No
EVT-00078,7f8e26593cf541,U511361,2026-03-04 21:33:07,EP-200,ErgoPro 200,Entry,mobile,review_scroll,49,193,1,12,/blog/best-ergonomic-chairs-2026,No,No
EVT-00079,98e7191a55a14d,U799744,2025-11-24 04:05:29,EP-500,ErgoPro 500,Mid,desktop,review_filter,55,388,1,5,/,No,No
EVT-00080,6cd952e939504a,U786029,2026-01-19 16:52:15,EP-200,ErgoPro 200,Entry,desktop,image_gallery_click,69,356,2,5,/compare,Yes,No
EVT-00081,0cfb312f52a84a,U803445,2026-03-21 05:33:25,EP-500,ErgoPro 500,Mid,mobile,image_gallery_click,89,104,1,6,/products/ergo-pro-200,No,No
EVT-00082,d17f1d3bea9d41,U423811,2025-12-13 07:53:45,EP-200,ErgoPro 200,Entry,mobile,chat_open,38,209,8,1,/products/ergo-pro-500,No,No
EVT-00083,ee62bcfc50d441,U992920,2026-01-08 22:47:16,EP-500,ErgoPro 500,Mid,desktop,spec_tab_click,80,150,2,11,/products/ergo-pro-200,No,No
EVT-00084,c4c9c6215dea46,U978396,2026-01-19 16:03:47,EP-200,ErgoPro 200,Entry,desktop,compare_add,69,165,2,14,/products,Yes,No
EVT-00085,7466f4d5365444,U918894,2025-12-15 15:55:30,EP-500,ErgoPro 500,Mid,mobile,lumbar_detail_click,79,176,8,8,,Yes,Yes
EVT-00086,69ff3fac7ad64c,U647090,2026-02-13 19:24:40,EP-200,ErgoPro 200,Entry,desktop,chat_open,39,118,5,6,/products,No,No
EVT-00087,484881f3a1894f,U836943,2026-01-07 21:17:46,EP-200,ErgoPro 200,Entry,desktop,360_view,47,290,4,2,,No,No
EVT-00088,cbefe103ee3c44,U955375,2026-03-28 10:50:39,EP-200,ErgoPro 200,Entry,tablet,compare_add,72,342,8,1,/products/ergo-pro-500,No,No
EVT-00089,cd0fbe0420334c,U207235,2026-02-09 10:17:00,EP-900,ErgoPro 900,Premium,mobile,spec_tab_click,85,401,6,3,/products/ergo-pro-500,No,No
EVT-00090,d6ee1280a12f4c,U254728,2026-03-07 14:05:15,EP-200,ErgoPro 200,Entry,mobile,review_filter,92,109,5,14,/compare,No,No
EVT-00091,bad517d0cf6b4d,U364583,2026-02-23 23:08:12,EP-200,ErgoPro 200,Entry,desktop,share_click,78,271,1,8,/compare,No,No
EVT-00092,126e27876f8e45,U287944,2026-01-29 06:03:17,EP-900,ErgoPro 900,Premium,desktop,color_swatch_click,52,220,5,12,/compare,No,No
EVT-00093,416442497a4f40,U461426,2026-01-20 18:19:48,EP-200,ErgoPro 200,Entry,mobile,lumbar_detail_click,33,389,1,6,,No,No
EVT-00094,fef71b72a45b4f,U936224,2025-11-17 07:33:41,EP-500,ErgoPro 500,Mid,mobile,lumbar_detail_click,32,438,2,0,/products/ergo-pro-200,No,No
EVT-00095,ab431f8409894f,U261865,2026-01-27 17:26:53,EP-500,ErgoPro 500,Mid,desktop,360_view,46,196,8,2,/products/ergo-pro-500,No,No
EVT-00096,80f7dde1a02c40,U507947,2026-02-28 02:24:02,EP-500,ErgoPro 500,Mid,mobile,size_guide_open,46,87,2,8,/blog/best-ergonomic-chairs-2026,No,No
EVT-00097,b4c1ffab285d4c,U809301,2026-03-22 13:49:58,EP-900,ErgoPro 900,Premium,mobile,video_play,92,79,7,11,/products/ergo-pro-200,Yes,Yes
EVT-00098,bda7c947dfdb4e,U548725,2026-01-22 07:37:04,EP-900,ErgoPro 900,Premium,desktop,sticky_cta_click,71,433,1,15,/products,No,No
EVT-00099,8c69bb404f5042,U239905,2026-02-18 07:49:06,EP-900,ErgoPro 900,Premium,mobile,faq_expand,50,394,1,10,/compare,No,No
EVT-00100,f2f50a40015945,U370640,2026-01-29 14:52:49,EP-500,ErgoPro 500,Mid,desktop,chat_open,70,359,7,9,/,Yes,Yes
EVT-00101,c936babce31642,U707727,2025-12-23 18:55:24,EP-200,ErgoPro 200,Entry,mobile,video_play,85,264,3,9,/,No,No
EVT-00102,8e61bad1eac446,U547011,2026-03-31 16:01:13,EP-900,ErgoPro 900,Premium,desktop,share_click,44,223,3,8,,No,No
EVT-00103,3abc1aaad92141,U235844,2025-10-03 00:43:01,EP-900,ErgoPro 900,Premium,desktop,size_guide_open,11,149,7,8,,No,No
EVT-00104,3c5ae5f4d46344,U237593,2026-02-02 17:22:54,EP-900,ErgoPro 900,Premium,desktop,faq_expand,46,353,3,0,/products,No,No
EVT-00105,668b58749ad142,U245846,2026-02-14 01:42:23,EP-200,ErgoPro 200,Entry,desktop,video_play,53,455,4,11,/blog/best-ergonomic-chairs-2026,No,No
EVT-00106,4f654b8f958f41,U115633,2026-01-22 03:51:14,EP-900,ErgoPro 900,Premium,desktop,video_play,38,478,5,1,/,No,No
EVT-00107,f9ac81d85b514e,U754597,2026-01-20 13:48:58,EP-500,ErgoPro 500,Mid,mobile,faq_expand,15,46,3,0,/products,No,No
EVT-00108,79ef5896468144,U475200,2025-11-16 01:31:43,EP-200,ErgoPro 200,Entry,tablet,color_swatch_click,16,412,7,1,/products,No,No
EVT-00109,8ddd7a3080dd4a,U666800,2025-10-20 12:25:01,EP-500,ErgoPro 500,Mid,desktop,sticky_cta_click,98,277,6,8,/products,No,No
EVT-00110,d9f674c41aba44,U388192,2025-11-08 00:33:35,EP-900,ErgoPro 900,Premium,desktop,video_play,59,405,1,6,/,No,No
EVT-00111,9bf09e1920504a,U340298,2025-11-10 01:01:31,EP-900,ErgoPro 900,Premium,mobile,sticky_cta_click,84,79,5,3,/compare,Yes,No
EVT-00112,7dc660fed87940,U118576,2025-10-06 11:59:46,EP-900,ErgoPro 900,Premium,mobile,wishlist_add,59,90,1,8,/,No,No
EVT-00113,926c23d11d484e,U384421,2026-02-10 14:17:22,EP-500,ErgoPro 500,Mid,mobile,faq_expand,13,393,8,7,/,No,No
EVT-00114,868a8a6a73a546,U662711,2026-03-29 03:10:19,EP-500,ErgoPro 500,Mid,desktop,spec_tab_click,43,228,2,5,/blog/best-ergonomic-chairs-2026,No,No
EVT-00115,8393436412354b,U508361,2025-11-18 23:44:18,EP-900,ErgoPro 900,Premium,tablet,sticky_cta_click,74,284,5,15,,No,No
EVT-00116,d2f62877779c4e,U627691,2026-01-07 17:49:24,EP-500,ErgoPro 500,Mid,desktop,compare_add,98,43,5,7,,No,No
EVT-00117,b8fdbc68c9b74e,U309634,2025-10-16 17:45:02,EP-900,ErgoPro 900,Premium,desktop,compare_add,88,448,6,1,/products/ergo-pro-500,No,No
EVT-00118,fdec897529f24e,U310338,2025-10-07 20:52:04,EP-200,ErgoPro 200,Entry,mobile,review_scroll,18,216,2,2,/,No,No
EVT-00119,1c027e34c94241,U881465,2026-03-11 22:29:31,EP-900,ErgoPro 900,Premium,mobile,faq_expand,33,191,7,9,/products/ergo-pro-500,No,No
EVT-00120,60967bf82ae747,U603292,2025-11-16 19:24:12,EP-500,ErgoPro 500,Mid,mobile,image_gallery_click,23,54,3,7,/products/ergo-pro-200,No,No
EVT-00121,0bd1fdd4428446,U460313,2026-03-18 20:59:17,EP-500,ErgoPro 500,Mid,desktop,spec_tab_click,11,426,7,1,/products,No,No
EVT-00122,aebba0ae48904a,U896904,2025-11-14 20:58:27,EP-500,ErgoPro 500,Mid,tablet,360_view,88,202,1,3,,No,No
EVT-00123,9bc028a11f3f49,U855414,2025-11-10 23:52:06,EP-500,ErgoPro 500,Mid,desktop,sticky_cta_click,14,303,6,12,,No,No
EVT-00124,dfcec242bab24a,U312254,2026-03-29 15:25:05,EP-900,ErgoPro 900,Premium,mobile,360_view,63,394,4,14,/products/ergo-pro-500,Yes,No
EVT-00125,1ec632112aef4b,U413204,2025-11-01 04:21:23,EP-200,ErgoPro 200,Entry,desktop,sticky_cta_click,50,219,4,15,/,No,No
EVT-00126,1fdb59ee92b445,U890554,2026-01-07 17:05:38,EP-500,ErgoPro 500,Mid,mobile,review_filter,88,96,2,9,/products,No,No
EVT-00127,de13f650fe974f,U101527,2025-11-07 01:15:51,EP-200,ErgoPro 200,Entry,desktop,lumbar_detail_click,58,451,1,12,/blog/best-ergonomic-chairs-2026,No,No
EVT-00128,87ee5b64f66a4f,U504128,2025-11-07 09:11:29,EP-200,ErgoPro 200,Entry,mobile,wishlist_add,31,409,8,0,/compare,No,No
EVT-00129,9b4ad3ab94f14b,U281268,2026-03-28 11:50:34,EP-500,ErgoPro 500,Mid,desktop,share_click,27,230,3,11,/,No,No
EVT-00130,19bfa614edf041,U398278,2026-03-16 20:33:25,EP-200,ErgoPro 200,Entry,mobile,video_play,20,411,5,12,,No,No
EVT-00131,ffe17108feca47,U962698,2025-11-18 02:24:11,EP-500,ErgoPro 500,Mid,mobile,review_scroll,89,43,7,0,/blog/best-ergonomic-chairs-2026,No,No
EVT-00132,61823571cde340,U278621,2026-02-14 04:35:32,EP-900,ErgoPro 900,Premium,mobile,lumbar_detail_click,42,471,5,3,/blog/best-ergonomic-chairs-2026,No,No
EVT-00133,8dfab1ea448142,U981741,2025-12-30 12:27:50,EP-900,ErgoPro 900,Premium,desktop,color_swatch_click,87,275,2,1,,No,No
EVT-00134,85e36b1cd72241,U390668,2025-10-13 12:06:41,EP-500,ErgoPro 500,Mid,tablet,color_swatch_click,31,133,3,7,/blog/best-ergonomic-chairs-2026,No,No
EVT-00135,2f56d211215e4a,U749172,2025-11-20 12:59:42,EP-200,ErgoPro 200,Entry,tablet,faq_expand,92,154,2,5,/products/ergo-pro-500,No,No
EVT-00136,4b98e5f819f34a,U795370,2026-01-15 02:41:43,EP-900,ErgoPro 900,Premium,desktop,video_play,43,193,5,0,/products/ergo-pro-200,No,No
EVT-00137,25741aacf12946,U287563,2026-01-13 20:36:59,EP-900,ErgoPro 900,Premium,desktop,image_gallery_click,71,326,4,10,,Yes,Yes
EVT-00138,0dcec79b761748,U802963,2026-02-18 01:35:54,EP-200,ErgoPro 200,Entry,desktop,wishlist_add,66,289,1,14,/products/ergo-pro-200,Yes,No
EVT-00139,cb8eedf61c8540,U651869,2026-01-08 01:54:58,EP-200,ErgoPro 200,Entry,mobile,share_click,43,358,6,8,/blog/best-ergonomic-chairs-2026,No,No
EVT-00140,f659e7019f2446,U112726,2026-01-21 10:40:26,EP-900,ErgoPro 900,Premium,tablet,review_scroll,47,262,4,12,/products/ergo-pro-500,No,No
EVT-00141,04ebe680cb4541,U144832,2025-10-20 05:51:51,EP-500,ErgoPro 500,Mid,desktop,spec_tab_click,88,209,3,4,,No,No
EVT-00142,2a5dfc4c8d8941,U714825,2025-11-07 12:16:11,EP-900,ErgoPro 900,Premium,desktop,review_filter,15,155,6,10,/products/ergo-pro-500,No,No
EVT-00143,93161ca4ad6048,U891613,2026-02-18 03:12:00,EP-500,ErgoPro 500,Mid,tablet,360_view,35,158,1,1,/compare,No,No
EVT-00144,60a82555208445,U304754,2025-11-22 19:35:16,EP-900,ErgoPro 900,Premium,mobile,compare_add,70,239,8,13,,No,No
EVT-00145,3b6da26473e74d,U950903,2025-11-02 22:30:19,EP-900,ErgoPro 900,Premium,desktop,review_filter,59,331,1,3,/products,No,No
EVT-00146,f11fc66aa03c45,U714130,2025-10-15 12:05:11,EP-900,ErgoPro 900,Premium,desktop,spec_tab_click,35,408,3,9,/compare,No,No
EVT-00147,eb76842b87e84e,U795313,2025-12-02 09:06:55,EP-500,ErgoPro 500,Mid,mobile,video_play,33,414,6,15,/products/ergo-pro-500,No,No
EVT-00148,877d242104984a,U874922,2026-01-11 06:49:30,EP-500,ErgoPro 500,Mid,tablet,spec_tab_click,92,369,2,14,/products,Yes,Yes
EVT-00149,bc24b2194fd643,U523751,2025-11-08 03:46:13,EP-200,ErgoPro 200,Entry,desktop,wishlist_add,58,123,8,3,/products,No,No
EVT-00150,121808ffe36449,U240317,2026-01-19 02:45:00,EP-500,ErgoPro 500,Mid,mobile,review_filter,47,303,6,14,/blog/best-ergonomic-chairs-2026,No,No
EVT-00151,aaba5b1e5a554a,U684562,2026-01-31 16:40:49,EP-900,ErgoPro 900,Premium,desktop,size_guide_open,30,214,3,15,/,No,No
EVT-00152,ba78e349330f4f,U366322,2025-10-30 22:58:23,EP-500,ErgoPro 500,Mid,desktop,spec_tab_click,16,194,5,15,/products,No,No
EVT-00153,b7b61a2aa59e4b,U147525,2025-12-24 11:28:18,EP-500,ErgoPro 500,Mid,desktop,color_swatch_click,58,244,1,7,/compare,No,No
EVT-00154,2865e985d7ea4f,U447595,2025-10-09 19:09:38,EP-500,ErgoPro 500,Mid,desktop,review_scroll,65,479,5,9,/products/ergo-pro-500,Yes,Yes
EVT-00155,9c39fe2674a042,U991147,2026-02-04 22:34:40,EP-200,ErgoPro 200,Entry,desktop,wishlist_add,90,365,6,8,/products,No,No
EVT-00156,2f96ddb835df4a,U132942,2025-10-29 07:12:51,EP-200,ErgoPro 200,Entry,mobile,compare_add,53,163,2,3,/compare,No,No
EVT-00157,6b09774c9d4d4d,U641233,2026-01-22 21:08:11,EP-500,ErgoPro 500,Mid,mobile,spec_tab_click,26,364,3,14,/blog/best-ergonomic-chairs-2026,No,No
EVT-00158,ac7fcf6261f241,U598382,2025-10-21 04:32:18,EP-500,ErgoPro 500,Mid,mobile,image_gallery_click,52,184,3,15,/,No,No
EVT-00159,dc4ae8d1df4845,U290006,2025-12-10 12:19:17,EP-900,ErgoPro 900,Premium,mobile,lumbar_detail_click,76,450,6,15,,No,No
EVT-00160,48ebad4227154e,U137089,2025-12-12 17:06:19,EP-200,ErgoPro 200,Entry,desktop,image_gallery_click,76,288,2,7,/blog/best-ergonomic-chairs-2026,Yes,No
EVT-00161,16d5da9f494147,U894579,2026-02-08 14:45:42,EP-200,ErgoPro 200,Entry,desktop,video_play,70,189,5,2,/products/ergo-pro-500,No,No
EVT-00162,ec85e4e9f60f4e,U465887,2025-12-29 20:14:45,EP-900,ErgoPro 900,Premium,desktop,video_play,72,42,8,3,/compare,No,No
EVT-00163,ae868f8d884342,U457980,2025-10-07 15:21:15,EP-200,ErgoPro 200,Entry,desktop,review_filter,20,241,7,8,/blog/best-ergonomic-chairs-2026,No,No
EVT-00164,2fff3ce5539d4e,U200528,2025-10-05 21:31:59,EP-900,ErgoPro 900,Premium,tablet,compare_add,27,405,8,14,,No,No
EVT-00165,f3c2ed75a0e544,U699638,2025-12-08 03:36:51,EP-900,ErgoPro 900,Premium,desktop,review_filter,89,96,8,14,/compare,No,No
EVT-00166,51088dab58524b,U785249,2025-12-07 13:10:11,EP-200,ErgoPro 200,Entry,desktop,chat_open,74,199,1,1,/blog/best-ergonomic-chairs-2026,No,No
EVT-00167,59a027c3f32e43,U413585,2026-02-25 03:48:39,EP-500,ErgoPro 500,Mid,desktop,color_swatch_click,19,134,6,10,/,No,No
EVT-00168,ac30108a934b44,U532999,2025-10-25 01:22:22,EP-500,ErgoPro 500,Mid,mobile,wishlist_add,66,279,1,13,/blog/best-ergonomic-chairs-2026,No,No
EVT-00169,5560ce3a1cf14a,U404885,2026-03-23 23:38:05,EP-900,ErgoPro 900,Premium,mobile,image_gallery_click,29,175,8,7,/products,No,No
EVT-00170,69b7e55b13de4d,U972689,2026-01-25 12:28:25,EP-900,ErgoPro 900,Premium,mobile,sticky_cta_click,93,63,8,0,/compare,No,No
EVT-00171,29d959f4ff954f,U620970,2025-11-27 14:01:44,EP-200,ErgoPro 200,Entry,mobile,image_gallery_click,43,362,5,6,/products/ergo-pro-200,No,No
EVT-00172,90efb9e032e644,U819714,2025-11-12 19:59:55,EP-900,ErgoPro 900,Premium,tablet,spec_tab_click,54,262,2,1,,No,No
EVT-00173,d0e21ba5ead546,U484439,2026-02-15 13:14:08,EP-200,ErgoPro 200,Entry,desktop,video_play,24,388,7,5,/,No,No
EVT-00174,587d364c262f43,U133983,2025-12-11 09:00:42,EP-500,ErgoPro 500,Mid,mobile,chat_open,51,369,5,5,/products/ergo-pro-500,No,No
EVT-00175,7a7f879ed9404e,U459256,2026-01-23 21:37:15,EP-200,ErgoPro 200,Entry,desktop,video_play,90,199,7,13,/products/ergo-pro-500,Yes,No
EVT-00176,5bcebbbe122c4f,U894402,2026-03-10 07:44:07,EP-200,ErgoPro 200,Entry,desktop,faq_expand,80,183,3,9,,No,No
EVT-00177,a74d5c81d2c042,U199488,2025-10-31 03:22:23,EP-500,ErgoPro 500,Mid,mobile,color_swatch_click,19,260,5,15,/blog/best-ergonomic-chairs-2026,No,No
EVT-00178,062a2705cdef44,U381074,2026-01-10 00:46:18,EP-500,ErgoPro 500,Mid,mobile,spec_tab_click,73,420,1,14,/,No,No
EVT-00179,63a20d8ac19a49,U777850,2026-03-07 19:19:25,EP-500,ErgoPro 500,Mid,mobile,review_scroll,82,232,5,5,,Yes,No
EVT-00180,926b6dc0979541,U144136,2025-12-31 13:38:33,EP-500,ErgoPro 500,Mid,desktop,color_swatch_click,58,24,4,2,/compare,No,No
EVT-00181,e3b2aa5732bc47,U421752,2025-11-12 13:12:12,EP-500,ErgoPro 500,Mid,mobile,share_click,51,413,7,8,,No,No
EVT-00182,407c8af34f6d48,U299284,2026-03-27 03:27:42,EP-200,ErgoPro 200,Entry,desktop,share_click,66,292,7,6,/,No,No
EVT-00183,2f8cb9da2b414e,U477916,2025-10-25 04:11:34,EP-900,ErgoPro 900,Premium,mobile,chat_open,81,365,8,1,,No,No
EVT-00184,e9b00bb4ecb447,U689927,2025-12-07 18:05:25,EP-900,ErgoPro 900,Premium,desktop,chat_open,20,265,6,1,/products/ergo-pro-200,No,No
EVT-00185,abb048b1d1f249,U866407,2025-11-29 23:58:09,EP-900,ErgoPro 900,Premium,mobile,color_swatch_click,15,232,6,1,/products/ergo-pro-500,No,No
EVT-00186,1811c17fa8d347,U769061,2026-03-20 00:31:08,EP-200,ErgoPro 200,Entry,tablet,color_swatch_click,19,353,6,8,/products,No,No
EVT-00187,a87be962c1e242,U481495,2026-01-25 13:30:57,EP-900,ErgoPro 900,Premium,mobile,sticky_cta_click,62,32,3,15,/products/ergo-pro-200,No,No
EVT-00188,05f33efe56554f,U338360,2025-10-25 16:50:45,EP-200,ErgoPro 200,Entry,tablet,spec_tab_click,75,473,5,6,/compare,Yes,No
EVT-00189,63f055e3177a4f,U557768,2025-12-19 16:46:50,EP-200,ErgoPro 200,Entry,tablet,review_filter,94,221,4,9,/,Yes,No
EVT-00190,4a36de31768c45,U539723,2026-03-01 19:13:09,EP-500,ErgoPro 500,Mid,desktop,sticky_cta_click,33,207,8,2,/products/ergo-pro-200,No,No
EVT-00191,bef7bbba3ae84b,U226867,2026-01-06 16:28:10,EP-900,ErgoPro 900,Premium,desktop,faq_expand,26,370,6,1,/products,No,No
EVT-00192,0a4528b470af47,U513388,2026-03-16 23:29:08,EP-500,ErgoPro 500,Mid,mobile,size_guide_open,93,135,2,4,/products,Yes,No
EVT-00193,69678414166e40,U394492,2025-10-05 10:22:00,EP-200,ErgoPro 200,Entry,desktop,compare_add,44,367,4,12,,No,No
EVT-00194,2df9505d3dce41,U695268,2026-02-17 21:59:30,EP-200,ErgoPro 200,Entry,desktop,chat_open,43,398,5,10,/products/ergo-pro-500,No,No
EVT-00195,d6fb430b813749,U875660,2026-03-06 19:49:29,EP-900,ErgoPro 900,Premium,desktop,lumbar_detail_click,70,218,1,4,,Yes,No
EVT-00196,bb295c47d46946,U887544,2026-03-20 20:47:30,EP-200,ErgoPro 200,Entry,desktop,compare_add,71,327,7,8,,No,No
EVT-00197,829991696c5545,U649602,2026-03-08 12:55:07,EP-900,ErgoPro 900,Premium,mobile,color_swatch_click,13,183,2,4,,No,No
EVT-00198,dc06b45527384e,U647419,2025-11-25 19:49:36,EP-900,ErgoPro 900,Premium,tablet,360_view,82,82,6,5,/products/ergo-pro-200,No,No
EVT-00199,ffb353d4888848,U132556,2026-03-20 02:46:02,EP-200,ErgoPro 200,Entry,tablet,video_play,12,343,5,14,/products,No,No
EVT-00200,e74b52a8b8d64f,U138745,2026-01-22 10:08:12,EP-200,ErgoPro 200,Entry,desktop,image_gallery_click,80,201,6,9,/blog/best-ergonomic-chairs-2026,No,No
EVT-00201,69017c15ff7a4c,U491960,2025-12-29 23:12:15,EP-500,ErgoPro 500,Mid,tablet,review_filter,42,41,3,12,/products/ergo-pro-500,No,No
EVT-00202,5d4e8c973d9945,U163417,2026-03-22 05:59:40,EP-200,ErgoPro 200,Entry,tablet,size_guide_open,25,278,8,13,/products/ergo-pro-200,No,No
EVT-00203,d90ac52ce69144,U568250,2025-11-08 15:57:20,EP-200,ErgoPro 200,Entry,mobile,video_play,80,428,8,11,/blog/best-ergonomic-chairs-2026,No,No
EVT-00204,ae0b73e1ada748,U390842,2026-01-03 17:25:19,EP-500,ErgoPro 500,Mid,desktop,color_swatch_click,83,255,3,1,,No,No
EVT-00205,fd04206dc44e44,U386540,2026-01-25 10:45:16,EP-900,ErgoPro 900,Premium,desktop,video_play,37,147,8,7,,No,No
EVT-00206,65988db72b024d,U771684,2025-11-10 15:08:50,EP-500,ErgoPro 500,Mid,mobile,review_filter,57,423,1,11,/products,No,No
EVT-00207,0cdd947797a449,U476504,2026-01-01 09:54:45,EP-900,ErgoPro 900,Premium,desktop,wishlist_add,21,275,5,1,/products/ergo-pro-200,No,No
EVT-00208,c845ba771e404e,U643598,2026-02-27 03:57:43,EP-200,ErgoPro 200,Entry,tablet,lumbar_detail_click,61,444,4,4,/compare,Yes,Yes
EVT-00209,c7d96a9da9a74d,U402915,2026-03-13 09:49:18,EP-500,ErgoPro 500,Mid,desktop,sticky_cta_click,83,418,7,13,,No,No
EVT-00210,0a312b45a7af44,U122459,2025-12-08 07:32:49,EP-900,ErgoPro 900,Premium,desktop,lumbar_detail_click,16,233,1,12,/compare,No,No
EVT-00211,c2471788441543,U560370,2026-01-25 06:06:34,EP-200,ErgoPro 200,Entry,tablet,faq_expand,44,140,7,1,,No,No
EVT-00212,6688394c54b74c,U685039,2025-10-17 00:10:51,EP-500,ErgoPro 500,Mid,desktop,color_swatch_click,46,206,7,13,/blog/best-ergonomic-chairs-2026,No,No
EVT-00213,330fbbf25b794b,U786461,2025-11-30 02:26:56,EP-500,ErgoPro 500,Mid,desktop,spec_tab_click,29,359,6,3,/,No,No
EVT-00214,6909ea288e484e,U524406,2025-12-12 01:02:12,EP-200,ErgoPro 200,Entry,desktop,chat_open,100,250,1,7,/products/ergo-pro-500,No,No
EVT-00215,c91df827435c47,U143657,2025-10-14 18:44:06,EP-900,ErgoPro 900,Premium,desktop,wishlist_add,61,447,2,3,/products/ergo-pro-200,No,No
EVT-00216,b72721930d9a43,U192320,2026-02-26 22:20:14,EP-200,ErgoPro 200,Entry,desktop,sticky_cta_click,83,157,2,10,/compare,No,No
EVT-00217,4ed1cddbe5f54c,U439377,2025-11-17 18:17:59,EP-900,ErgoPro 900,Premium,desktop,360_view,33,71,8,5,/,No,No
EVT-00218,f15097ef9b8243,U332580,2025-12-19 09:39:34,EP-500,ErgoPro 500,Mid,desktop,spec_tab_click,11,458,6,2,/products/ergo-pro-200,No,No
EVT-00219,19b94e0b9a104e,U955947,2026-02-01 10:23:26,EP-500,ErgoPro 500,Mid,desktop,faq_expand,16,267,8,7,/products/ergo-pro-500,No,No
EVT-00220,5a4c390b688f47,U882074,2025-10-22 21:04:42,EP-900,ErgoPro 900,Premium,desktop,spec_tab_click,58,163,1,12,/products/ergo-pro-500,No,No
EVT-00221,a3da84c4ce9c46,U598474,2025-11-15 17:12:15,EP-900,ErgoPro 900,Premium,mobile,review_scroll,41,315,5,11,/,No,No
EVT-00222,9c9e60afb31f4b,U153493,2026-01-29 19:10:57,EP-200,ErgoPro 200,Entry,desktop,360_view,48,222,5,7,/compare,No,No
EVT-00223,f19480209d0b45,U464887,2025-12-27 21:04:26,EP-200,ErgoPro 200,Entry,mobile,image_gallery_click,74,308,5,1,/products/ergo-pro-500,No,No
EVT-00224,bba8bfabf25043,U937295,2026-03-30 19:31:02,EP-200,ErgoPro 200,Entry,tablet,review_filter,77,78,8,13,/compare,Yes,Yes
EVT-00225,91d5a04bcc344e,U843568,2026-02-10 02:14:48,EP-900,ErgoPro 900,Premium,tablet,chat_open,76,226,8,13,/products/ergo-pro-500,Yes,No
EVT-00226,ba4339856bd04d,U262833,2026-02-19 00:10:06,EP-200,ErgoPro 200,Entry,mobile,share_click,54,454,3,3,/products/ergo-pro-200,No,No
EVT-00227,4f0de11a0a9240,U962582,2025-11-27 18:11:27,EP-900,ErgoPro 900,Premium,tablet,color_swatch_click,88,389,1,2,/,No,No
EVT-00228,6e51462e8e5944,U917142,2025-12-23 11:00:29,EP-500,ErgoPro 500,Mid,desktop,review_scroll,59,179,5,5,/compare,No,No
EVT-00229,6b4a704641164f,U413766,2025-10-14 04:32:43,EP-900,ErgoPro 900,Premium,desktop,faq_expand,98,248,8,2,/compare,Yes,No
EVT-00230,6cef0cb2921c4a,U653620,2026-01-31 13:14:41,EP-900,ErgoPro 900,Premium,tablet,wishlist_add,17,227,5,1,/,No,No
EVT-00231,eca6069f9f8e48,U401807,2026-01-17 01:13:51,EP-200,ErgoPro 200,Entry,desktop,share_click,15,348,5,4,/products,No,No
EVT-00232,ae96f3746fb141,U718923,2026-02-01 11:46:42,EP-500,ErgoPro 500,Mid,desktop,spec_tab_click,24,47,8,12,/blog/best-ergonomic-chairs-2026,No,No
EVT-00233,ef4a21f4d04c49,U175740,2025-12-03 20:23:37,EP-500,ErgoPro 500,Mid,desktop,review_scroll,88,392,5,6,/compare,No,No
EVT-00234,8c1c118731954b,U677040,2025-11-22 15:40:51,EP-900,ErgoPro 900,Premium,mobile,review_filter,15,246,7,14,/compare,No,No
EVT-00235,c8992d79cd2041,U475564,2026-02-05 16:47:58,EP-900,ErgoPro 900,Premium,tablet,image_gallery_click,75,30,2,1,/compare,Yes,Yes
EVT-00236,a425d842694c45,U896456,2026-01-06 11:37:48,EP-900,ErgoPro 900,Premium,desktop,compare_add,12,477,4,14,/products/ergo-pro-500,No,No
EVT-00237,1fa64591d6cf4c,U533571,2025-12-16 19:36:51,EP-200,ErgoPro 200,Entry,desktop,share_click,85,118,1,8,/products,No,No
EVT-00238,a36ee13b8d0444,U897987,2025-11-29 20:50:36,EP-500,ErgoPro 500,Mid,desktop,360_view,55,467,7,10,,No,No
EVT-00239,e18bee8b9e604f,U714693,2025-10-29 14:46:54,EP-200,ErgoPro 200,Entry,desktop,wishlist_add,29,378,5,5,/products/ergo-pro-500,No,No
EVT-00240,6dfcc8070d034e,U911746,2025-11-25 00:34:54,EP-200,ErgoPro 200,Entry,desktop,video_play,29,468,2,12,/blog/best-ergonomic-chairs-2026,No,No
EVT-00241,bcf5a66d56a64d,U128890,2026-03-19 06:56:23,EP-900,ErgoPro 900,Premium,mobile,360_view,86,175,8,4,/products,No,No
EVT-00242,e7d19d7423d04b,U113342,2026-01-20 14:31:54,EP-900,ErgoPro 900,Premium,desktop,spec_tab_click,42,448,6,4,/blog/best-ergonomic-chairs-2026,No,No
EVT-00243,f063c101eba544,U266030,2026-01-26 03:53:34,EP-200,ErgoPro 200,Entry,desktop,share_click,37,139,7,12,/products,No,No
EVT-00244,10605a4e074540,U639350,2025-10-10 02:04:09,EP-900,ErgoPro 900,Premium,mobile,color_swatch_click,82,189,6,0,/blog/best-ergonomic-chairs-2026,No,No
EVT-00245,cb67698ff7464c,U518345,2026-02-01 07:55:29,EP-900,ErgoPro 900,Premium,mobile,sticky_cta_click,84,36,5,15,,No,No
EVT-00246,35d93afe8bb04f,U311329,2026-03-08 06:46:22,EP-500,ErgoPro 500,Mid,mobile,sticky_cta_click,38,433,6,5,/compare,No,No
EVT-00247,efc4c29277d643,U781624,2025-12-15 19:39:29,EP-900,ErgoPro 900,Premium,desktop,spec_tab_click,40,226,2,8,/compare,No,No
EVT-00248,0037fd2fc2a243,U722786,2025-11-28 09:46:33,EP-900,ErgoPro 900,Premium,mobile,chat_open,77,146,1,15,,Yes,No
EVT-00249,eed145fe8aca43,U658767,2026-01-12 18:38:34,EP-900,ErgoPro 900,Premium,desktop,faq_expand,63,426,3,7,,No,No
EVT-00250,2aecd360364043,U653092,2026-03-07 23:24:47,EP-900,ErgoPro 900,Premium,mobile,review_scroll,54,187,3,5,/blog/best-ergonomic-chairs-2026,No,No
EVT-00251,964c5dbd16bf42,U217915,2026-02-12 12:28:01,EP-200,ErgoPro 200,Entry,desktop,size_guide_open,51,71,1,7,/,No,No
EVT-00252,bf409fd11c6b47,U112064,2025-10-27 13:36:51,EP-500,ErgoPro 500,Mid,tablet,360_view,96,107,6,7,/products/ergo-pro-500,No,No
EVT-00253,ef1805f8bb9244,U925289,2025-11-21 19:47:18,EP-900,ErgoPro 900,Premium,mobile,sticky_cta_click,11,321,8,10,/,No,No
EVT-00254,2919c587ba574c,U336754,2025-10-07 02:32:17,EP-500,ErgoPro 500,Mid,desktop,spec_tab_click,99,163,2,3,/compare,Yes,No
EVT-00255,5b805804990e44,U532266,2025-12-12 15:01:35,EP-200,ErgoPro 200,Entry,mobile,review_filter,59,372,3,15,/compare,No,No
EVT-00256,3e450cc838834f,U768855,2025-12-24 16:43:56,EP-500,ErgoPro 500,Mid,tablet,lumbar_detail_click,83,321,3,7,/,No,No
EVT-00257,d3be072b1c9441,U510749,2025-12-19 23:13:13,EP-200,ErgoPro 200,Entry,mobile,lumbar_detail_click,63,480,2,7,/products/ergo-pro-500,Yes,Yes
EVT-00258,5820946af1b547,U558624,2026-03-14 11:32:06,EP-900,ErgoPro 900,Premium,mobile,wishlist_add,50,99,2,3,/products,No,No
EVT-00259,e04450c8c34248,U688942,2025-11-17 04:52:02,EP-500,ErgoPro 500,Mid,desktop,size_guide_open,94,48,5,0,/products,No,No
EVT-00260,8aa235f584a44f,U742903,2026-02-27 23:21:16,EP-500,ErgoPro 500,Mid,desktop,share_click,87,346,2,14,/products/ergo-pro-500,Yes,No
EVT-00261,d3536989f36b4f,U181982,2026-01-10 10:24:18,EP-900,ErgoPro 900,Premium,desktop,chat_open,68,364,8,7,/products/ergo-pro-500,Yes,No
EVT-00262,e7890961d4ad4d,U984356,2026-01-23 00:00:41,EP-200,ErgoPro 200,Entry,desktop,wishlist_add,93,72,2,2,/,No,No
EVT-00263,2dd0a13049094c,U397809,2025-10-07 01:08:12,EP-900,ErgoPro 900,Premium,tablet,size_guide_open,45,391,5,7,/blog/best-ergonomic-chairs-2026,No,No
EVT-00264,1e6235163c6545,U457006,2026-03-08 04:45:49,EP-200,ErgoPro 200,Entry,desktop,lumbar_detail_click,78,61,6,7,,Yes,Yes
EVT-00265,052c2f965ae74e,U558480,2026-01-01 00:04:17,EP-500,ErgoPro 500,Mid,desktop,sticky_cta_click,73,356,5,6,/blog/best-ergonomic-chairs-2026,No,No
EVT-00266,feb7ded0c27c47,U166482,2025-10-27 19:45:07,EP-200,ErgoPro 200,Entry,mobile,spec_tab_click,37,71,3,12,/products/ergo-pro-200,No,No
EVT-00267,8ebc5020e41040,U279019,2026-03-25 13:13:49,EP-200,ErgoPro 200,Entry,tablet,lumbar_detail_click,76,108,5,1,/,Yes,No
EVT-00268,7b1b21cfa60b46,U872660,2026-01-05 17:13:04,EP-900,ErgoPro 900,Premium,desktop,sticky_cta_click,35,231,1,8,/,No,No
EVT-00269,444f9ad23cf548,U795776,2025-12-26 04:54:09,EP-900,ErgoPro 900,Premium,desktop,compare_add,15,205,6,13,/compare,No,No
EVT-00270,18ebaee89ca146,U263947,2025-11-01 13:12:43,EP-200,ErgoPro 200,Entry,desktop,360_view,18,181,7,4,,No,No
EVT-00271,307ebfeb6bc54e,U419151,2025-10-18 17:54:00,EP-500,ErgoPro 500,Mid,desktop,faq_expand,42,469,7,14,/products,No,No
EVT-00272,adc815d0abaa4b,U143741,2026-01-12 07:05:03,EP-900,ErgoPro 900,Premium,tablet,compare_add,27,77,2,3,/products/ergo-pro-200,No,No
EVT-00273,478f5cfc8e2942,U995916,2025-10-26 16:17:30,EP-900,ErgoPro 900,Premium,mobile,video_play,75,250,3,15,/products,No,No
EVT-00274,df03dda4370143,U148397,2025-11-11 19:33:47,EP-500,ErgoPro 500,Mid,desktop,compare_add,78,301,2,1,/compare,No,No
EVT-00275,37727d679ca249,U610199,2026-01-14 21:41:16,EP-900,ErgoPro 900,Premium,desktop,review_filter,90,279,1,5,/compare,No,No
EVT-00276,691e88784ce14c,U127205,2025-11-29 14:41:27,EP-900,ErgoPro 900,Premium,mobile,size_guide_open,43,218,5,12,/blog/best-ergonomic-chairs-2026,No,No
EVT-00277,d1e872d33a764c,U930102,2025-10-21 12:05:58,EP-900,ErgoPro 900,Premium,mobile,sticky_cta_click,63,214,6,1,/products,Yes,No
EVT-00278,22d61474af624f,U799866,2026-03-09 00:35:02,EP-900,ErgoPro 900,Premium,desktop,spec_tab_click,28,416,3,11,/products,No,No
EVT-00279,e53bf46854fe4f,U458604,2025-12-18 17:37:36,EP-900,ErgoPro 900,Premium,mobile,faq_expand,59,339,2,1,/,No,No
EVT-00280,b076d29cd0304c,U412044,2026-02-17 19:00:06,EP-500,ErgoPro 500,Mid,tablet,review_filter,23,246,7,6,/blog/best-ergonomic-chairs-2026,No,No
EVT-00281,9cb4acf1447241,U623822,2025-10-08 05:07:48,EP-900,ErgoPro 900,Premium,tablet,video_play,89,198,7,4,/blog/best-ergonomic-chairs-2026,No,No
EVT-00282,6a2a6bb0324745,U236862,2025-12-06 13:01:55,EP-200,ErgoPro 200,Entry,mobile,color_swatch_click,75,424,7,2,/blog/best-ergonomic-chairs-2026,No,No
EVT-00283,e85dac6304cc49,U746689,2026-01-29 07:55:25,EP-900,ErgoPro 900,Premium,mobile,review_scroll,36,365,3,9,/,No,No
EVT-00284,b8fb20a7002547,U470568,2026-01-15 00:32:00,EP-200,ErgoPro 200,Entry,desktop,compare_add,98,402,1,8,/products/ergo-pro-200,No,No
EVT-00285,244203aa0ec643,U400574,2026-02-09 09:01:26,EP-500,ErgoPro 500,Mid,desktop,size_guide_open,51,293,5,0,/products/ergo-pro-200,No,No
EVT-00286,857d39b9c1eb4f,U936346,2025-10-12 08:31:07,EP-900,ErgoPro 900,Premium,desktop,share_click,89,303,5,8,,No,No
EVT-00287,925237af725441,U267450,2025-10-18 23:06:59,EP-500,ErgoPro 500,Mid,desktop,360_view,72,345,1,2,/products/ergo-pro-200,No,No
EVT-00288,ec1e1ce3a9ec49,U521079,2026-01-07 03:38:37,EP-200,ErgoPro 200,Entry,mobile,share_click,49,233,7,11,/products,No,No
EVT-00289,d68b785ad4ea47,U826841,2026-02-28 17:35:49,EP-200,ErgoPro 200,Entry,desktop,spec_tab_click,64,163,2,3,,No,No
EVT-00290,eba91fdfc5c941,U552802,2026-01-03 11:26:38,EP-500,ErgoPro 500,Mid,tablet,chat_open,39,99,3,4,/products/ergo-pro-200,No,No
EVT-00291,a32a410b72d940,U632659,2026-01-24 01:29:29,EP-900,ErgoPro 900,Premium,desktop,faq_expand,19,280,2,4,/compare,No,No
EVT-00292,8befc0c7fd9a47,U372991,2025-10-16 23:25:58,EP-500,ErgoPro 500,Mid,desktop,review_filter,27,187,7,13,,No,No
EVT-00293,b6c6d58685c44b,U299455,2026-03-13 04:03:07,EP-500,ErgoPro 500,Mid,desktop,spec_tab_click,39,156,3,3,/compare,No,No
EVT-00294,f627ff17cde945,U657034,2026-03-09 18:33:03,EP-900,ErgoPro 900,Premium,desktop,video_play,12,20,2,7,/products,No,No
EVT-00295,4b46638e5e1e43,U656474,2026-02-06 01:08:04,EP-200,ErgoPro 200,Entry,desktop,video_play,87,151,3,6,/compare,No,No
EVT-00296,dbd2c2d9c24f47,U556422,2026-01-31 17:17:32,EP-200,ErgoPro 200,Entry,desktop,compare_add,91,87,5,10,/products,No,No
EVT-00297,d32d77ecf97d46,U776610,2026-03-02 02:27:00,EP-500,ErgoPro 500,Mid,desktop,faq_expand,68,327,5,8,/,Yes,Yes
EVT-00298,a9920beff9a448,U193077,2025-10-24 00:05:56,EP-900,ErgoPro 900,Premium,mobile,compare_add,21,157,4,0,,No,No
EVT-00299,f92c981bb08f4d,U152730,2025-12-02 01:43:59,EP-900,ErgoPro 900,Premium,mobile,share_click,17,91,4,0,/,No,No
EVT-00300,47abe2cc0a0a41,U307484,2026-01-12 19:16:57,EP-500,ErgoPro 500,Mid,desktop,sticky_cta_click,74,163,5,11,/compare,No,No
EVT-00301,a604977da3634b,U521403,2026-02-28 11:09:23,EP-900,ErgoPro 900,Premium,mobile,lumbar_detail_click,53,131,6,1,/,No,No
EVT-00302,67739dd2bbca43,U480773,2026-02-10 09:59:08,EP-200,ErgoPro 200,Entry,desktop,wishlist_add,10,287,6,5,/blog/best-ergonomic-chairs-2026,No,No
EVT-00303,00dd023f82604e,U584665,2026-03-02 15:53:15,EP-900,ErgoPro 900,Premium,desktop,review_scroll,29,258,6,13,/products,No,No
EVT-00304,af0d0d36a5574f,U211412,2025-11-23 05:50:29,EP-900,ErgoPro 900,Premium,mobile,review_scroll,12,170,7,14,/products,No,No
EVT-00305,69b62a40d85f4b,U642518,2026-01-28 13:22:19,EP-900,ErgoPro 900,Premium,tablet,review_filter,73,369,6,4,/products/ergo-pro-500,No,No
EVT-00306,3de1dd491d214b,U497310,2026-03-31 12:58:31,EP-200,ErgoPro 200,Entry,mobile,chat_open,22,237,7,1,/,No,No
EVT-00307,096be9077d4f4e,U691457,2025-10-21 05:34:18,EP-200,ErgoPro 200,Entry,mobile,share_click,21,324,1,10,/products/ergo-pro-500,No,No
EVT-00308,2ce82725f77f4f,U831480,2025-10-16 06:57:10,EP-200,ErgoPro 200,Entry,desktop,share_click,15,348,6,2,,No,No
EVT-00309,039a8a49d24c42,U973873,2025-11-11 21:51:32,EP-900,ErgoPro 900,Premium,desktop,spec_tab_click,92,444,2,5,/products/ergo-pro-500,No,No
EVT-00310,1fded880088c48,U215293,2026-02-04 20:52:51,EP-900,ErgoPro 900,Premium,tablet,spec_tab_click,13,125,2,4,/products,No,No
EVT-00311,eaa661d790fd46,U587393,2025-10-20 05:17:14,EP-500,ErgoPro 500,Mid,mobile,spec_tab_click,38,438,6,4,/products,No,No
EVT-00312,919736dba11248,U231615,2025-10-16 18:07:54,EP-200,ErgoPro 200,Entry,desktop,lumbar_detail_click,12,57,2,13,/products/ergo-pro-500,No,No
EVT-00313,06790156886942,U684597,2026-01-02 00:36:51,EP-500,ErgoPro 500,Mid,tablet,chat_open,22,359,2,10,,No,No
EVT-00314,945ae3163cf249,U142892,2026-03-26 00:18:00,EP-500,ErgoPro 500,Mid,mobile,image_gallery_click,42,359,2,2,/,No,No
EVT-00315,4c3201e79d4b49,U661056,2026-03-13 16:50:12,EP-900,ErgoPro 900,Premium,desktop,size_guide_open,57,386,6,11,/blog/best-ergonomic-chairs-2026,No,No
EVT-00316,b7350a1e022f46,U573597,2026-03-17 20:39:34,EP-200,ErgoPro 200,Entry,mobile,image_gallery_click,26,360,7,10,/products/ergo-pro-200,No,No
EVT-00317,b32c608ee0b646,U925412,2026-01-18 02:58:41,EP-500,ErgoPro 500,Mid,tablet,image_gallery_click,40,76,8,8,,No,No
EVT-00318,fa5fbcdd0dde46,U447366,2025-12-26 19:35:56,EP-500,ErgoPro 500,Mid,desktop,lumbar_detail_click,16,22,3,13,/products/ergo-pro-200,No,No
EVT-00319,9eff42879bc249,U205555,2025-11-05 22:45:50,EP-200,ErgoPro 200,Entry,desktop,compare_add,94,161,7,8,/products/ergo-pro-500,Yes,Yes
EVT-00320,e8c36eca1cdb4d,U287125,2026-03-02 06:36:15,EP-900,ErgoPro 900,Premium,mobile,compare_add,11,393,5,10,/compare,No,No
EVT-00321,290ccb4628ab4e,U535874,2025-11-09 17:34:05,EP-900,ErgoPro 900,Premium,desktop,chat_open,14,233,7,3,/products/ergo-pro-200,No,No
EVT-00322,1000a140b57f4d,U852728,2026-03-20 20:08:16,EP-500,ErgoPro 500,Mid,mobile,chat_open,50,288,1,3,,No,No
EVT-00323,3052ff9d161e4f,U635084,2025-12-16 10:16:57,EP-900,ErgoPro 900,Premium,desktop,wishlist_add,47,233,2,10,/blog/best-ergonomic-chairs-2026,No,No
EVT-00324,3965eb250afc43,U942677,2025-11-25 15:46:43,EP-500,ErgoPro 500,Mid,mobile,size_guide_open,12,21,2,12,/blog/best-ergonomic-chairs-2026,No,No
EVT-00325,564ce913d39d42,U303003,2026-03-07 13:49:34,EP-900,ErgoPro 900,Premium,tablet,size_guide_open,80,459,3,15,/blog/best-ergonomic-chairs-2026,Yes,No
EVT-00326,d1cd262271f040,U167920,2026-01-17 17:11:33,EP-900,ErgoPro 900,Premium,mobile,360_view,20,167,4,9,,No,No
EVT-00327,a6231b559a314a,U645341,2025-11-18 10:00:53,EP-900,ErgoPro 900,Premium,desktop,color_swatch_click,85,53,3,1,/products/ergo-pro-200,No,No
EVT-00328,85b8ed319be944,U930665,2026-02-04 23:06:19,EP-900,ErgoPro 900,Premium,mobile,360_view,97,360,3,1,,No,No
EVT-00329,637d6c8a49754d,U410253,2025-12-04 11:19:26,EP-200,ErgoPro 200,Entry,desktop,image_gallery_click,88,235,5,14,/products/ergo-pro-200,No,No
EVT-00330,e6907d8b4c524b,U191568,2025-11-13 08:29:16,EP-200,ErgoPro 200,Entry,desktop,lumbar_detail_click,33,75,6,12,/products/ergo-pro-500,No,No
EVT-00331,74a7c144d04e43,U701087,2025-11-01 02:48:59,EP-200,ErgoPro 200,Entry,desktop,size_guide_open,40,164,7,8,/products/ergo-pro-500,No,No
EVT-00332,874e9ca456e146,U553837,2026-02-15 08:55:09,EP-200,ErgoPro 200,Entry,mobile,sticky_cta_click,62,466,7,13,,No,No
EVT-00333,6fb0f372dac149,U630991,2025-11-14 09:09:28,EP-900,ErgoPro 900,Premium,tablet,sticky_cta_click,49,429,8,5,/compare,No,No
EVT-00334,91c2bb464f984f,U134472,2026-03-27 20:39:02,EP-900,ErgoPro 900,Premium,mobile,review_scroll,42,255,3,9,/,No,No
EVT-00335,b1050cc456de4d,U312282,2025-12-30 02:46:10,EP-900,ErgoPro 900,Premium,tablet,size_guide_open,22,200,4,0,/blog/best-ergonomic-chairs-2026,No,No
EVT-00336,d5c31e1b775542,U742858,2026-01-01 14:36:09,EP-200,ErgoPro 200,Entry,desktop,compare_add,95,474,6,11,/products,No,No
EVT-00337,ab195a305bb442,U422577,2026-02-13 23:51:48,EP-200,ErgoPro 200,Entry,tablet,lumbar_detail_click,73,118,1,9,/products/ergo-pro-500,No,No
EVT-00338,f591787c52934b,U488610,2026-01-21 23:07:36,EP-900,ErgoPro 900,Premium,desktop,review_filter,13,27,1,8,/compare,No,No
EVT-00339,968eb83d0c8f45,U810456,2026-01-28 13:38:23,EP-200,ErgoPro 200,Entry,desktop,wishlist_add,47,52,2,0,,No,No
EVT-00340,4142962120b842,U185727,2026-02-26 12:04:51,EP-900,ErgoPro 900,Premium,mobile,lumbar_detail_click,75,411,6,8,,No,No
EVT-00341,135a4cacd52243,U841157,2026-03-11 01:49:04,EP-500,ErgoPro 500,Mid,tablet,size_guide_open,63,344,6,0,,No,No
EVT-00342,0dbf9dba65a844,U326404,2026-01-11 06:12:24,EP-200,ErgoPro 200,Entry,desktop,chat_open,61,365,2,8,/products/ergo-pro-200,Yes,Yes
EVT-00343,963c7a6028f24e,U754782,2026-02-26 05:21:04,EP-200,ErgoPro 200,Entry,mobile,review_filter,56,463,7,2,,No,No
EVT-00344,eecf3f00fb5747,U548522,2025-11-25 19:46:47,EP-500,ErgoPro 500,Mid,desktop,review_filter,75,255,1,13,/,No,No
EVT-00345,6853de6846a644,U244091,2026-02-03 14:08:51,EP-900,ErgoPro 900,Premium,mobile,spec_tab_click,39,350,1,0,/blog/best-ergonomic-chairs-2026,No,No
EVT-00346,16e503ab64e94b,U600236,2025-11-23 05:03:22,EP-900,ErgoPro 900,Premium,mobile,wishlist_add,67,163,2,5,/products/ergo-pro-500,No,No
EVT-00347,e97d54f9cc094a,U874195,2025-11-03 09:30:36,EP-200,ErgoPro 200,Entry,desktop,wishlist_add,15,473,6,6,,No,No
EVT-00348,1be8987561fd4a,U533523,2025-10-19 22:19:14,EP-900,ErgoPro 900,Premium,desktop,360_view,62,438,3,4,/products/ergo-pro-200,No,No
EVT-00349,9814cbe1ec0f45,U316071,2026-01-09 13:22:04,EP-200,ErgoPro 200,Entry,desktop,image_gallery_click,58,275,1,6,/blog/best-ergonomic-chairs-2026,No,No
EVT-00350,9f9c1f2c650740,U722522,2025-12-08 12:17:37,EP-200,ErgoPro 200,Entry,desktop,faq_expand,14,209,1,14,,No,No
EVT-00351,d8173e0e530848,U332261,2026-03-11 22:28:44,EP-200,ErgoPro 200,Entry,mobile,360_view,81,139,6,6,/products/ergo-pro-500,No,No
EVT-00352,b4cd090e476445,U140845,2026-02-07 11:52:27,EP-900,ErgoPro 900,Premium,mobile,sticky_cta_click,97,247,7,5,/products,No,No
EVT-00353,1d21690d652244,U874116,2025-12-31 07:07:48,EP-500,ErgoPro 500,Mid,tablet,size_guide_open,30,123,8,12,/products/ergo-pro-500,No,No
EVT-00354,4f706dc0028842,U486445,2025-11-03 00:05:58,EP-900,ErgoPro 900,Premium,tablet,lumbar_detail_click,11,307,8,13,/products/ergo-pro-200,No,No
EVT-00355,c68f834b769349,U177455,2025-10-09 01:24:12,EP-500,ErgoPro 500,Mid,desktop,wishlist_add,34,144,2,2,/products/ergo-pro-500,No,No
EVT-00356,9d21718e1a0c41,U590285,2025-11-30 20:10:34,EP-500,ErgoPro 500,Mid,mobile,size_guide_open,99,311,4,13,/products/ergo-pro-200,No,No
EVT-00357,895c0bcf64e34d,U405868,2025-12-23 06:10:23,EP-500,ErgoPro 500,Mid,mobile,review_filter,14,467,8,4,/products/ergo-pro-200,No,No
EVT-00358,39d96337621741,U994959,2025-11-10 20:04:57,EP-200,ErgoPro 200,Entry,mobile,review_scroll,42,392,7,4,/products,No,No
EVT-00359,1286c62d35c543,U565069,2026-01-12 14:51:03,EP-900,ErgoPro 900,Premium,mobile,review_scroll,13,398,8,7,/products/ergo-pro-500,No,No
EVT-00360,2b6b28401e9f4e,U664656,2025-12-23 06:46:41,EP-500,ErgoPro 500,Mid,mobile,image_gallery_click,43,61,4,14,/products,No,No
EVT-00361,4f9fc63c5cd34c,U396460,2025-11-29 05:52:09,EP-900,ErgoPro 900,Premium,desktop,video_play,20,317,5,3,/compare,No,No
EVT-00362,f1ba9e1a3d5f46,U396231,2025-11-11 01:01:08,EP-500,ErgoPro 500,Mid,desktop,review_scroll,61,257,7,10,/blog/best-ergonomic-chairs-2026,Yes,No
EVT-00363,c0f4d2326eca48,U924608,2026-02-09 18:53:32,EP-900,ErgoPro 900,Premium,mobile,video_play,43,431,2,10,/blog/best-ergonomic-chairs-2026,No,No
EVT-00364,35b33aa9470f45,U338277,2026-02-28 23:26:41,EP-200,ErgoPro 200,Entry,desktop,size_guide_open,31,86,5,10,/blog/best-ergonomic-chairs-2026,No,No
EVT-00365,51e0ec66f2454b,U518699,2025-10-16 05:15:18,EP-200,ErgoPro 200,Entry,mobile,color_swatch_click,45,151,2,9,/compare,No,No
EVT-00366,e01af8f94b4043,U195405,2025-11-06 16:21:29,EP-900,ErgoPro 900,Premium,mobile,image_gallery_click,58,391,5,5,/products/ergo-pro-200,No,No
EVT-00367,7d1a70f06cc645,U450501,2026-03-14 23:35:37,EP-500,ErgoPro 500,Mid,mobile,wishlist_add,62,119,7,3,/products,Yes,Yes
EVT-00368,d717a9fb307a4e,U663054,2026-02-05 22:27:56,EP-200,ErgoPro 200,Entry,tablet,lumbar_detail_click,15,73,8,12,/,No,No
EVT-00369,d53a3230210546,U142710,2025-10-18 22:52:43,EP-200,ErgoPro 200,Entry,mobile,spec_tab_click,93,108,5,9,/blog/best-ergonomic-chairs-2026,Yes,Yes
EVT-00370,4492a20a26c548,U510310,2025-12-02 23:44:13,EP-900,ErgoPro 900,Premium,desktop,faq_expand,77,79,8,5,/products,No,No
EVT-00371,5cca9add29b247,U435537,2026-03-03 02:19:08,EP-500,ErgoPro 500,Mid,tablet,review_scroll,76,175,4,12,,No,No
EVT-00372,fce7db52a5d242,U348383,2026-02-01 00:41:27,EP-900,ErgoPro 900,Premium,tablet,review_filter,20,181,6,8,/products/ergo-pro-200,No,No
EVT-00373,e75eb69f47004f,U809548,2026-03-04 08:50:20,EP-900,ErgoPro 900,Premium,mobile,video_play,73,472,6,2,/products,No,No
EVT-00374,b91004e042044d,U347879,2025-12-17 04:04:41,EP-500,ErgoPro 500,Mid,mobile,spec_tab_click,61,27,2,15,/,No,No
EVT-00375,91e18a983f8d48,U882253,2025-10-19 18:15:06,EP-500,ErgoPro 500,Mid,mobile,image_gallery_click,12,300,3,14,/products,No,No
EVT-00376,20379d088c9947,U814782,2025-12-02 20:46:28,EP-200,ErgoPro 200,Entry,mobile,chat_open,67,437,2,2,/products,Yes,No
EVT-00377,a8b8e79de7f24e,U930671,2026-03-29 00:55:21,EP-900,ErgoPro 900,Premium,desktop,sticky_cta_click,18,166,4,0,/products/ergo-pro-200,No,No
EVT-00378,107d06e3b64f49,U513217,2025-12-28 12:08:05,EP-500,ErgoPro 500,Mid,tablet,review_filter,95,372,8,13,/,No,No
EVT-00379,8afa813083154a,U126690,2025-11-30 23:16:30,EP-500,ErgoPro 500,Mid,mobile,360_view,17,357,2,9,,No,No
EVT-00380,d265c1615c504e,U334976,2026-03-14 20:08:06,EP-900,ErgoPro 900,Premium,desktop,size_guide_open,27,453,2,9,/products/ergo-pro-200,No,No
EVT-00381,a53c81206ba143,U937065,2025-12-12 23:48:49,EP-500,ErgoPro 500,Mid,tablet,sticky_cta_click,20,100,6,4,/products/ergo-pro-500,No,No
EVT-00382,76be7bc1c54a42,U648535,2026-01-29 19:19:43,EP-500,ErgoPro 500,Mid,desktop,image_gallery_click,11,479,4,0,/,No,No
EVT-00383,d401536b1c8040,U113415,2025-11-08 08:44:37,EP-500,ErgoPro 500,Mid,desktop,review_filter,24,249,1,3,/compare,No,No
EVT-00384,f4d59f3eb0a74a,U766784,2025-12-06 06:03:31,EP-900,ErgoPro 900,Premium,mobile,size_guide_open,65,371,4,5,/blog/best-ergonomic-chairs-2026,No,No
EVT-00385,37abbd3ea98640,U725240,2026-01-07 00:16:49,EP-900,ErgoPro 900,Premium,desktop,chat_open,98,100,8,3,/,Yes,Yes
EVT-00386,e307f5065d5441,U507538,2026-03-13 12:46:11,EP-900,ErgoPro 900,Premium,desktop,sticky_cta_click,22,411,1,8,/products/ergo-pro-200,No,No
EVT-00387,8126c19da0e24f,U991705,2025-12-03 04:24:53,EP-900,ErgoPro 900,Premium,desktop,lumbar_detail_click,63,436,1,9,,No,No
EVT-00388,230adbbd804e4f,U966552,2025-10-25 01:36:26,EP-500,ErgoPro 500,Mid,tablet,review_filter,91,398,4,7,/blog/best-ergonomic-chairs-2026,No,No
EVT-00389,b91cbd904dbc4e,U905404,2026-03-24 17:26:42,EP-200,ErgoPro 200,Entry,mobile,spec_tab_click,95,166,1,4,/compare,No,No
EVT-00390,0a6d1b8b24174f,U427892,2025-10-29 15:49:33,EP-500,ErgoPro 500,Mid,tablet,review_scroll,21,355,5,12,/products/ergo-pro-200,No,No
EVT-00391,f6646c1146dd44,U605128,2025-12-25 14:14:14,EP-200,ErgoPro 200,Entry,mobile,video_play,75,132,2,8,,No,No
EVT-00392,1947e0fb17f443,U951055,2025-12-04 22:45:18,EP-900,ErgoPro 900,Premium,desktop,lumbar_detail_click,76,427,5,0,/compare,No,No
EVT-00393,7c31b5ae385d41,U714831,2026-02-11 01:14:57,EP-500,ErgoPro 500,Mid,mobile,compare_add,40,64,1,9,/compare,No,No
EVT-00394,9d319705e7c345,U477782,2025-10-28 05:13:39,EP-900,ErgoPro 900,Premium,mobile,review_scroll,83,87,8,12,/products,Yes,Yes
EVT-00395,45a077dcfe6844,U950572,2026-03-27 23:17:55,EP-900,ErgoPro 900,Premium,tablet,review_filter,98,83,7,8,/products/ergo-pro-500,No,No
EVT-00396,0cc20fd1bf6749,U496979,2025-12-10 06:56:43,EP-500,ErgoPro 500,Mid,mobile,video_play,49,144,2,0,/products/ergo-pro-200,No,No
EVT-00397,e02888a9597846,U770359,2025-10-19 09:11:35,EP-900,ErgoPro 900,Premium,desktop,wishlist_add,62,140,1,5,/products/ergo-pro-200,No,No
EVT-00398,2e267f2ba97a45,U930497,2025-11-08 03:59:20,EP-500,ErgoPro 500,Mid,tablet,faq_expand,46,473,1,9,/,No,No
EVT-00399,5da7d7fce4cf4c,U911144,2025-12-13 10:50:50,EP-900,ErgoPro 900,Premium,mobile,faq_expand,50,254,7,7,/,No,No
EVT-00400,83d5b00b107644,U275617,2026-02-07 01:01:18,EP-200,ErgoPro 200,Entry,desktop,wishlist_add,89,401,4,9,/products/ergo-pro-200,No,No
EVT-00401,0106c9f5297149,U194380,2025-12-05 15:17:25,EP-500,ErgoPro 500,Mid,mobile,wishlist_add,94,461,5,4,/,No,No
EVT-00402,614781c9a69942,U860257,2026-02-20 07:15:51,EP-900,ErgoPro 900,Premium,desktop,spec_tab_click,66,39,3,8,/blog/best-ergonomic-chairs-2026,No,No
EVT-00403,d3f229e934a944,U810006,2025-10-10 21:20:42,EP-200,ErgoPro 200,Entry,mobile,color_swatch_click,21,311,8,4,,No,No
EVT-00404,ceeca59afeb246,U579088,2025-10-28 04:49:09,EP-500,ErgoPro 500,Mid,desktop,wishlist_add,97,148,6,6,/products/ergo-pro-500,Yes,No
EVT-00405,30384dce24fc49,U367147,2026-02-12 06:39:36,EP-200,ErgoPro 200,Entry,mobile,chat_open,20,310,2,0,,No,No
EVT-00406,da8b50356cff4f,U808738,2025-10-14 11:08:00,EP-900,ErgoPro 900,Premium,desktop,lumbar_detail_click,62,448,1,7,,No,No
EVT-00407,96941f29e9944f,U489249,2025-10-10 08:45:36,EP-900,ErgoPro 900,Premium,desktop,wishlist_add,14,108,6,4,,No,No
EVT-00408,a7f04d7741e84d,U483144,2025-10-12 00:23:52,EP-900,ErgoPro 900,Premium,mobile,sticky_cta_click,91,262,1,10,/products/ergo-pro-500,Yes,No
EVT-00409,477225ab51ef47,U697707,2026-01-21 23:04:51,EP-200,ErgoPro 200,Entry,desktop,360_view,85,233,6,2,,No,No
EVT-00410,cc90ab18c1354c,U502734,2026-03-13 12:02:01,EP-500,ErgoPro 500,Mid,mobile,faq_expand,19,317,1,9,/,No,No
EVT-00411,e2a1c388d3da48,U967935,2025-11-29 20:53:43,EP-900,ErgoPro 900,Premium,desktop,lumbar_detail_click,26,478,7,4,/products/ergo-pro-200,No,No
EVT-00412,de6913a10fc144,U168768,2025-10-12 23:15:06,EP-200,ErgoPro 200,Entry,tablet,wishlist_add,74,404,4,0,/compare,No,No
EVT-00413,c40b1dc15e004f,U375050,2025-11-05 01:26:55,EP-900,ErgoPro 900,Premium,tablet,image_gallery_click,32,40,3,9,/products/ergo-pro-200,No,No
EVT-00414,36810f56588848,U897277,2026-02-20 19:50:12,EP-500,ErgoPro 500,Mid,tablet,sticky_cta_click,19,332,5,8,/products/ergo-pro-200,No,No
EVT-00415,30a440662f364e,U651928,2025-10-22 05:43:09,EP-200,ErgoPro 200,Entry,desktop,color_swatch_click,88,275,1,10,/,No,No
EVT-00416,5cf0dc6b0c754d,U134534,2026-03-08 13:31:36,EP-200,ErgoPro 200,Entry,mobile,review_filter,13,477,2,8,/products,No,No
EVT-00417,bb6eec5af46d4d,U147031,2026-01-22 22:26:34,EP-500,ErgoPro 500,Mid,desktop,360_view,41,343,6,1,/products,No,No
EVT-00418,f77b1447af6546,U972623,2026-03-24 13:57:26,EP-500,ErgoPro 500,Mid,tablet,review_scroll,35,139,7,10,/blog/best-ergonomic-chairs-2026,No,No
EVT-00419,5dce13fa99534b,U763869,2025-11-09 01:57:04,EP-500,ErgoPro 500,Mid,mobile,chat_open,32,344,1,0,/products,No,No
EVT-00420,f66476c1454145,U380427,2025-11-02 03:06:57,EP-900,ErgoPro 900,Premium,tablet,compare_add,90,365,5,1,/products/ergo-pro-200,No,No
EVT-00421,5cdf1275ecaf40,U258003,2025-11-26 16:08:23,EP-900,ErgoPro 900,Premium,mobile,review_filter,60,414,3,0,,No,No
EVT-00422,a3873b71e7a84d,U293597,2025-10-08 02:08:22,EP-500,ErgoPro 500,Mid,desktop,sticky_cta_click,91,274,4,7,/,No,No
EVT-00423,457b785373ae42,U614169,2026-01-19 11:37:32,EP-900,ErgoPro 900,Premium,tablet,spec_tab_click,84,365,1,13,/compare,No,No
EVT-00424,c2fdfb708e284a,U142671,2025-12-22 06:36:19,EP-200,ErgoPro 200,Entry,mobile,wishlist_add,47,247,7,6,/,No,No
EVT-00425,7b83e8eba4d04d,U409603,2026-01-27 10:50:12,EP-200,ErgoPro 200,Entry,mobile,wishlist_add,70,425,8,0,/blog/best-ergonomic-chairs-2026,No,No
EVT-00426,2a8d65ff8b2e46,U122912,2026-02-23 10:45:17,EP-900,ErgoPro 900,Premium,tablet,faq_expand,91,51,8,0,/products,Yes,No
EVT-00427,7189f35baa7945,U720054,2026-02-07 00:46:30,EP-200,ErgoPro 200,Entry,tablet,video_play,73,358,6,10,/products/ergo-pro-200,No,No
EVT-00428,84dd67cffb7c4f,U714361,2025-12-29 11:16:58,EP-500,ErgoPro 500,Mid,mobile,wishlist_add,11,327,7,3,/blog/best-ergonomic-chairs-2026,No,No
EVT-00429,9b7f4097b9c84e,U324555,2025-12-08 15:23:03,EP-200,ErgoPro 200,Entry,tablet,image_gallery_click,69,442,7,13,/compare,Yes,No
EVT-00430,a43539fc77be4a,U943724,2026-02-25 07:38:21,EP-200,ErgoPro 200,Entry,mobile,size_guide_open,39,323,4,15,,No,No
EVT-00431,313141b833f841,U202552,2026-02-08 05:52:22,EP-900,ErgoPro 900,Premium,desktop,size_guide_open,35,356,4,13,/compare,No,No
EVT-00432,c90904009fcb4c,U754532,2025-12-13 06:07:05,EP-200,ErgoPro 200,Entry,desktop,360_view,81,203,1,2,/products,No,No
EVT-00433,96e56eb653e445,U212473,2025-12-07 16:31:36,EP-200,ErgoPro 200,Entry,tablet,lumbar_detail_click,67,43,4,2,/blog/best-ergonomic-chairs-2026,Yes,No
EVT-00434,5b8d156e599045,U710069,2026-01-28 15:57:20,EP-500,ErgoPro 500,Mid,tablet,360_view,73,83,4,9,/compare,No,No
EVT-00435,2a7cb28e74034e,U784432,2026-01-23 15:29:05,EP-500,ErgoPro 500,Mid,desktop,review_filter,72,107,2,10,/,No,No
EVT-00436,83451fc4daaf45,U504730,2026-01-20 07:02:52,EP-500,ErgoPro 500,Mid,desktop,review_filter,27,474,2,14,/compare,No,No
EVT-00437,229b54a0bf3d44,U847838,2026-01-31 12:05:42,EP-200,ErgoPro 200,Entry,mobile,spec_tab_click,16,395,6,12,/,No,No
EVT-00438,32c50814c8b247,U733132,2025-11-26 23:29:19,EP-500,ErgoPro 500,Mid,desktop,wishlist_add,27,301,2,0,/blog/best-ergonomic-chairs-2026,No,No
EVT-00439,be0b7880739a45,U494276,2026-02-15 19:17:54,EP-900,ErgoPro 900,Premium,mobile,color_swatch_click,79,36,2,14,/blog/best-ergonomic-chairs-2026,Yes,No
EVT-00440,8d99cbb3c3eb40,U737132,2025-10-25 21:36:49,EP-200,ErgoPro 200,Entry,desktop,wishlist_add,58,443,2,9,/blog/best-ergonomic-chairs-2026,No,No
EVT-00441,a7f2e2713d854b,U224436,2025-10-22 14:26:45,EP-500,ErgoPro 500,Mid,mobile,spec_tab_click,76,81,6,3,/,Yes,No
EVT-00442,61f92adcc44440,U689051,2025-11-01 18:09:12,EP-200,ErgoPro 200,Entry,tablet,lumbar_detail_click,21,339,4,2,,No,No
EVT-00443,b16cb296f7ef49,U174333,2025-11-16 12:45:34,EP-500,ErgoPro 500,Mid,desktop,video_play,23,348,3,11,/products/ergo-pro-200,No,No
EVT-00444,54acd608779b45,U452215,2025-12-18 18:44:31,EP-500,ErgoPro 500,Mid,desktop,360_view,11,94,2,14,,No,No
EVT-00445,3988504c44584c,U495922,2026-01-23 11:19:06,EP-900,ErgoPro 900,Premium,desktop,lumbar_detail_click,49,348,8,9,/products/ergo-pro-500,No,No
EVT-00446,c543949a45de46,U327963,2026-01-11 00:38:44,EP-200,ErgoPro 200,Entry,mobile,size_guide_open,22,206,3,7,/products/ergo-pro-500,No,No
EVT-00447,3100723bfb4448,U238301,2026-03-20 22:59:37,EP-200,ErgoPro 200,Entry,desktop,wishlist_add,90,81,5,8,,Yes,No
EVT-00448,3d1246d6352d4c,U873803,2025-11-04 13:47:46,EP-500,ErgoPro 500,Mid,desktop,faq_expand,42,296,3,8,/,No,No
EVT-00449,2dedd3ae4c2f4e,U445895,2025-11-13 06:15:07,EP-900,ErgoPro 900,Premium,mobile,sticky_cta_click,41,219,1,7,/blog/best-ergonomic-chairs-2026,No,No
EVT-00450,8050e4d215ae44,U329194,2025-10-16 07:56:06,EP-500,ErgoPro 500,Mid,desktop,compare_add,46,185,7,5,/,No,No
EVT-00451,a03b27b046484b,U391686,2025-11-10 08:34:16,EP-500,ErgoPro 500,Mid,mobile,chat_open,88,235,2,0,,Yes,Yes
EVT-00452,7be75beb6cbc42,U670672,2026-02-12 18:26:26,EP-500,ErgoPro 500,Mid,desktop,wishlist_add,87,410,6,7,/compare,Yes,Yes
EVT-00453,5dfd98cbd1ff4e,U266244,2025-10-05 14:37:54,EP-500,ErgoPro 500,Mid,mobile,video_play,41,416,7,8,/products,No,No
EVT-00454,6d9b7254572f4b,U480665,2025-12-08 22:01:45,EP-900,ErgoPro 900,Premium,desktop,video_play,13,133,3,11,/products,No,No
EVT-00455,75a2b6f0d45a47,U356567,2026-03-26 10:59:33,EP-200,ErgoPro 200,Entry,desktop,wishlist_add,28,267,5,10,/blog/best-ergonomic-chairs-2026,No,No
EVT-00456,52881c5dbee54a,U827388,2026-02-08 05:27:13,EP-500,ErgoPro 500,Mid,desktop,video_play,85,170,4,5,/products,No,No
EVT-00457,a6d20660efdd4b,U421384,2025-10-13 22:06:00,EP-200,ErgoPro 200,Entry,desktop,wishlist_add,59,106,8,12,/products,No,No
EVT-00458,e88fe6b2ce4242,U508839,2025-10-08 00:45:49,EP-900,ErgoPro 900,Premium,desktop,wishlist_add,69,407,5,14,/compare,Yes,No
EVT-00459,21ad6d30d4d342,U760087,2025-10-28 05:35:08,EP-500,ErgoPro 500,Mid,desktop,review_scroll,25,165,7,3,/blog/best-ergonomic-chairs-2026,No,No
EVT-00460,2373515b2f4e46,U919184,2025-10-18 02:05:19,EP-500,ErgoPro 500,Mid,tablet,wishlist_add,45,56,2,14,/products/ergo-pro-500,No,No
EVT-00461,867bccc0226a43,U844396,2025-11-10 22:49:58,EP-500,ErgoPro 500,Mid,desktop,chat_open,21,109,7,2,,No,No
EVT-00462,69b31634601b4e,U502558,2026-02-14 06:48:17,EP-900,ErgoPro 900,Premium,tablet,chat_open,31,465,6,13,/products/ergo-pro-500,No,No
EVT-00463,f48cbc692b5440,U700528,2026-03-14 12:03:21,EP-500,ErgoPro 500,Mid,desktop,sticky_cta_click,70,202,5,15,/products,Yes,No
EVT-00464,7d421f31a5d345,U142686,2026-02-09 05:08:45,EP-500,ErgoPro 500,Mid,desktop,lumbar_detail_click,59,47,6,2,/products/ergo-pro-200,No,No
EVT-00465,cdbcac802d044a,U576486,2025-10-18 01:53:42,EP-900,ErgoPro 900,Premium,tablet,image_gallery_click,79,156,3,8,/products/ergo-pro-500,No,No
EVT-00466,eadc703f9a994c,U376744,2025-12-24 04:19:14,EP-500,ErgoPro 500,Mid,mobile,compare_add,29,276,4,5,,No,No
EVT-00467,719e3b29ebe04f,U603874,2025-11-29 10:57:57,EP-900,ErgoPro 900,Premium,tablet,review_filter,48,384,4,0,/,No,No
EVT-00468,a47e6cfa1f5642,U472682,2026-02-11 22:59:00,EP-900,ErgoPro 900,Premium,desktop,size_guide_open,45,373,7,1,,No,No
EVT-00469,6aec588ffe4947,U892227,2025-12-25 03:00:03,EP-900,ErgoPro 900,Premium,tablet,review_scroll,25,63,1,9,/,No,No
EVT-00470,44c08498961445,U922522,2026-01-17 09:02:44,EP-500,ErgoPro 500,Mid,mobile,color_swatch_click,65,149,3,3,/compare,No,No
EVT-00471,07c996988a2e47,U679452,2026-03-30 00:11:04,EP-200,ErgoPro 200,Entry,mobile,360_view,76,53,6,11,/blog/best-ergonomic-chairs-2026,No,No
EVT-00472,73641161815842,U378460,2026-02-03 05:14:51,EP-200,ErgoPro 200,Entry,tablet,chat_open,12,108,4,12,/products/ergo-pro-500,No,No
EVT-00473,0a15e7ad79424d,U789531,2025-12-14 20:02:01,EP-900,ErgoPro 900,Premium,desktop,360_view,96,161,4,3,,No,No
EVT-00474,fc5e40d544ef44,U396524,2026-01-07 05:58:55,EP-500,ErgoPro 500,Mid,desktop,lumbar_detail_click,62,453,8,6,/products,No,No
EVT-00475,038dea6b806742,U770502,2026-02-25 00:42:25,EP-200,ErgoPro 200,Entry,mobile,image_gallery_click,99,107,4,8,/products/ergo-pro-500,No,No
EVT-00476,aba6b0d8335845,U202118,2025-10-12 03:35:56,EP-500,ErgoPro 500,Mid,desktop,spec_tab_click,37,184,3,7,/blog/best-ergonomic-chairs-2026,No,No
EVT-00477,0fd6b8fa1b2e44,U801748,2026-03-19 16:10:46,EP-200,ErgoPro 200,Entry,desktop,wishlist_add,14,91,5,15,,No,No
EVT-00478,c9c6592b079244,U254453,2025-12-20 07:37:18,EP-200,ErgoPro 200,Entry,mobile,360_view,52,159,1,4,/products,No,No
EVT-00479,89df411a771a47,U588897,2025-12-22 14:22:04,EP-900,ErgoPro 900,Premium,desktop,spec_tab_click,58,239,3,14,/compare,No,No
EVT-00480,1ffe7b09efff4f,U969876,2026-01-26 01:46:12,EP-500,ErgoPro 500,Mid,desktop,compare_add,36,205,6,1,/compare,No,No
EVT-00481,e85c57d14cc142,U368294,2026-01-27 00:31:25,EP-500,ErgoPro 500,Mid,desktop,faq_expand,26,231,3,2,/products,No,No
EVT-00482,e6cac0a35c674d,U930328,2026-01-20 01:57:51,EP-200,ErgoPro 200,Entry,desktop,color_swatch_click,59,226,5,7,,No,No
EVT-00483,f03bea233b8f4d,U161263,2026-02-25 18:17:14,EP-200,ErgoPro 200,Entry,mobile,chat_open,14,214,7,14,,No,No
EVT-00484,8e9c5afb25ee46,U808783,2025-12-04 06:39:55,EP-200,ErgoPro 200,Entry,mobile,wishlist_add,13,233,3,0,/blog/best-ergonomic-chairs-2026,No,No
EVT-00485,b53411570ce049,U276607,2025-11-15 21:46:17,EP-900,ErgoPro 900,Premium,desktop,compare_add,10,229,2,1,/compare,No,No
EVT-00486,8e49a541fcaf4c,U731718,2026-03-19 10:36:25,EP-200,ErgoPro 200,Entry,mobile,compare_add,24,139,4,6,/products/ergo-pro-200,No,No
EVT-00487,eb2d26b2483e4d,U200138,2026-02-02 09:06:16,EP-500,ErgoPro 500,Mid,mobile,chat_open,65,442,3,13,/,No,No
EVT-00488,77f99d9a5f6946,U565927,2025-10-25 05:46:21,EP-900,ErgoPro 900,Premium,tablet,lumbar_detail_click,91,272,8,9,/products,Yes,No
EVT-00489,7af7e96a96ba49,U325027,2025-12-25 04:13:57,EP-500,ErgoPro 500,Mid,mobile,360_view,46,433,8,2,/blog/best-ergonomic-chairs-2026,No,No
EVT-00490,d9ae872e171647,U733248,2025-11-16 00:52:55,EP-200,ErgoPro 200,Entry,tablet,size_guide_open,39,97,5,7,/blog/best-ergonomic-chairs-2026,No,No
EVT-00491,ee2ad25cbfef48,U784330,2026-03-16 01:02:59,EP-200,ErgoPro 200,Entry,desktop,wishlist_add,31,226,5,11,/,No,No
EVT-00492,51b77cc7d14b44,U356241,2026-01-21 09:53:37,EP-900,ErgoPro 900,Premium,desktop,size_guide_open,35,441,4,11,/compare,No,No
EVT-00493,08dfe530001b4c,U887333,2025-10-14 23:53:36,EP-500,ErgoPro 500,Mid,mobile,review_scroll,46,289,8,11,/products,No,No
EVT-00494,26913b004bdd4d,U549190,2026-01-23 16:00:04,EP-900,ErgoPro 900,Premium,desktop,spec_tab_click,28,277,4,11,/products/ergo-pro-200,No,No
EVT-00495,670886626d024e,U571777,2026-02-24 18:32:59,EP-900,ErgoPro 900,Premium,desktop,chat_open,58,387,7,11,/products,No,No
EVT-00496,aa9bace1a07f4c,U690065,2026-02-22 05:35:09,EP-200,ErgoPro 200,Entry,desktop,review_filter,48,450,3,15,/products/ergo-pro-500,No,No
EVT-00497,52458c998f2d4c,U214811,2025-12-27 03:02:04,EP-200,ErgoPro 200,Entry,tablet,image_gallery_click,49,231,8,11,/compare,No,No
EVT-00498,789e99f20d4a4e,U350720,2026-01-08 09:23:46,EP-500,ErgoPro 500,Mid,mobile,video_play,82,388,4,9,/blog/best-ergonomic-chairs-2026,Yes,Yes
EVT-00499,f59547e33e7845,U336679,2026-03-08 06:59:58,EP-500,ErgoPro 500,Mid,tablet,review_scroll,59,423,5,7,/blog/best-ergonomic-chairs-2026,No,No
EVT-00500,65674f8334e24c,U157544,2025-10-22 07:53:34,EP-500,ErgoPro 500,Mid,mobile,faq_expand,65,117,3,8,/products/ergo-pro-200,No,No
