session_id,user_id,session_start,session_end,device_type,browser,operating_system,region,state,channel,landing_page,exit_page,pages_viewed,session_duration_sec,is_bounce,is_new_user,conversions,total_events
9fea64865f7945,U664793,2026-01-27 13:56:20,2026-01-27 14:05:24,desktop,Chrome,iOS,Southwest,NM,paid_search,/about,/accessories,12,544,No,No,No,24
fcb1cd480e1b43,U455264,2025-12-26 05:48:42,2025-12-26 05:56:27,desktop,Chrome,Android,Northeast,CT,paid_search,/blog,/compare,3,465,No,No,No,3
1a2d128813124d,U307701,2025-11-09 18:17:12,2025-11-09 18:30:04,desktop,Edge,Windows,Southeast,FL,paid_search,/products,/checkout,9,772,No,Yes,No,27
2a0a94149ce948,U959484,2026-02-14 02:02:14,2026-02-14 02:03:59,mobile,Firefox,Windows,Southwest,UT,organic_search,/,/compare,2,105,No,No,No,2
768c57d83c5349,U671967,2026-01-06 14:11:00,2026-01-06 14:18:21,mobile,Firefox,macOS,Northeast,NY,organic_search,/support,/about,1,441,Yes,No,No,4
8dfbfa6b896445,U317662,2025-12-17 15:38:18,2025-12-17 15:43:42,mobile,Edge,macOS,Southwest,NM,referral,/products/ergo-pro-200,/compare,5,324,No,No,No,10
590a2b379e4a48,U518487,2025-10-09 16:12:07,2025-10-09 16:12:59,desktop,Safari,Windows,West,OR,direct,/,/support,10,52,No,No,No,40
52249333fa284c,U337026,2026-03-22 06:57:31,2026-03-22 07:11:37,desktop,Safari,Android,Northeast,NY,direct,/products/ergo-pro-500,/blog/how-to-set-up-your-home-office,8,846,No,No,No,8
6928c9e6a2a848,U368658,2025-10-09 20:29:01,2025-10-09 20:39:37,tablet,Chrome,iOS,Midwest,OH,direct,/products,/checkout,8,636,No,No,No,24
29c940ac7b714f,U811301,2025-12-11 09:17:43,2025-12-11 09:46:25,desktop,Edge,iOS,Northeast,PA,social,/products/ergo-pro-200,/blog/how-to-set-up-your-home-office,10,1722,No,No,No,20
beae50a2df7d44,U373660,2025-10-12 07:00:07,2025-10-12 07:29:38,desktop,Safari,Windows,Southwest,CO,paid_search,/support,/compare,4,1771,No,Yes,No,16
cfc533f7e7b749,U944934,2026-03-03 02:10:13,2026-03-03 02:10:45,desktop,Firefox,macOS,Midwest,MN,direct,/products/ergo-pro-900,/compare,9,32,No,No,No,36
f65826a30ff94a,U161144,2025-10-27 09:31:38,2025-10-27 09:32:50,tablet,Firefox,macOS,Northeast,CT,paid_search,/products/ergo-pro-900,/products/ergo-pro-200,2,72,No,No,No,6
9115b6b7a36342,U849777,2026-02-15 10:15:04,2026-02-15 10:19:57,mobile,Chrome,macOS,West,NV,organic_search,/blog,/support/warranty,3,293,No,No,No,6
0cadbe9e362540,U582210,2025-11-28 23:46:45,2025-11-29 00:03:30,desktop,Edge,Windows,Northeast,NJ,organic_search,/products/ergo-pro-200,/products/ergo-pro-200,11,1005,No,Yes,No,33
6c329f4befa04c,U274047,2026-03-30 00:00:51,2026-03-30 00:10:44,tablet,Chrome,iOS,West,OR,social,/,/support,11,593,No,Yes,No,44
8eef373ff85643,U297633,2025-11-09 09:33:32,2025-11-09 09:49:01,desktop,Chrome,Windows,Midwest,WI,organic_search,/support/assembly,/cart,1,929,Yes,Yes,No,3
6f89cdebf56949,U219081,2026-02-09 01:32:41,2026-02-09 01:45:15,mobile,Safari,macOS,Midwest,IL,organic_search,/blog/best-ergonomic-chairs-2026,/products/ergo-pro-200,11,754,No,Yes,No,22
509a6fefcd3b48,U155376,2025-12-24 13:21:30,2025-12-24 13:48:42,tablet,Safari,Android,West,AZ,email,/products/ergo-pro-500,/compare,12,1632,No,No,No,24
eb6c3ab3fd6b4c,U346786,2025-10-18 01:57:26,2025-10-18 01:58:21,mobile,Edge,Windows,West,WA,organic_search,/about,/products/ergo-pro-500,4,55,No,No,No,4
19540924820348,U266543,2025-12-26 10:23:48,2025-12-26 10:25:51,mobile,Chrome,Windows,Southwest,NM,direct,/about,/,10,123,No,No,No,30
8c2757abe41840,U136245,2026-03-21 07:33:47,2026-03-21 07:57:36,desktop,Firefox,macOS,Southeast,VA,organic_search,/compare,/support,6,1429,No,No,No,12
394174a33dce4c,U157223,2025-12-19 05:11:40,2025-12-19 05:38:36,tablet,Chrome,macOS,West,OR,email,/products/ergo-pro-200,/accessories,4,1616,No,No,No,8
7e9ea3bed26e4f,U366966,2025-11-07 17:51:13,2025-11-07 17:56:12,desktop,Chrome,iOS,West,NV,direct,/support,/blog/how-to-set-up-your-home-office,3,299,No,No,No,6
83db0d8c6dd249,U741961,2025-12-07 16:33:48,2025-12-07 16:42:15,mobile,Chrome,macOS,West,AZ,organic_search,/about,/products/ergo-pro-900,6,507,No,No,No,12
f3cdc7f4df684d,U360487,2026-03-06 05:05:13,2026-03-06 05:33:02,desktop,Chrome,Android,Northeast,NJ,organic_search,/products/ergo-pro-200,/order-confirmation,3,1669,No,No,No,6
94cf7ea4a1694a,U176003,2026-01-30 11:11:11,2026-01-30 11:35:08,desktop,Chrome,macOS,Northeast,CT,email,/about,/support/warranty,12,1437,No,No,No,36
80b44a88f8d442,U804497,2025-12-10 17:24:13,2025-12-10 17:26:25,desktop,Safari,Windows,West,CA,paid_search,/products/ergo-pro-900,/compare,11,132,No,No,No,33
e9d1ae1669ba45,U128539,2026-01-02 06:34:41,2026-01-02 06:45:35,desktop,Safari,macOS,Midwest,IL,organic_search,/products/ergo-pro-900,/about,9,654,No,Yes,No,9
795a3b80cf0f4e,U332908,2026-01-09 06:28:51,2026-01-09 06:34:35,desktop,Safari,iOS,Southeast,FL,direct,/,/,2,344,No,No,No,2
6f510fe2c45a4e,U494103,2025-12-10 15:59:31,2025-12-10 16:24:49,tablet,Edge,Android,Southeast,FL,email,/blog,/cart,6,1518,No,No,No,18
043a2d76926d4a,U421717,2026-01-28 15:45:23,2026-01-28 15:53:22,mobile,Edge,iOS,West,OR,social,/compare,/products/ergo-pro-500,5,479,No,Yes,No,10
28b232fee9e54d,U901706,2025-10-27 19:28:21,2025-10-27 19:55:21,desktop,Safari,Windows,Southeast,TN,paid_search,/products,/,7,1620,No,No,No,21
4c5ae607c07a45,U724276,2025-12-20 12:39:48,2025-12-20 12:49:50,desktop,Chrome,Android,Southwest,TX,paid_search,/support/assembly,/order-confirmation,8,602,No,Yes,No,8
dc5d02e905584a,U328660,2025-12-12 21:01:48,2025-12-12 21:22:03,desktop,Chrome,Android,Southwest,UT,email,/,/products/ergo-pro-500,1,1215,Yes,Yes,No,1
b83d98605cd140,U504910,2025-10-06 09:32:40,2025-10-06 09:47:20,desktop,Safari,Windows,Midwest,OH,affiliate,/products/ergo-pro-900,/compare,2,880,No,Yes,No,6
44f8fe2c3ed745,U510157,2026-02-19 09:58:18,2026-02-19 09:59:59,tablet,Chrome,macOS,Midwest,MI,referral,/blog/how-to-set-up-your-home-office,/products/ergo-pro-200,12,101,No,No,No,48
c78a963c30fb4c,U635186,2026-01-26 02:27:45,2026-01-26 02:34:32,mobile,Chrome,iOS,Northeast,MA,organic_search,/products/ergo-pro-900,/products/ergo-pro-900,8,407,No,Yes,No,24
69b0a367111646,U186349,2025-12-10 14:08:25,2025-12-10 14:20:26,mobile,Chrome,Windows,West,WA,email,/support/assembly,/support/warranty,12,721,No,Yes,No,48
257a5a0c124d46,U281647,2026-03-09 11:25:13,2026-03-09 11:29:37,desktop,Edge,Android,West,CA,paid_search,/support/assembly,/blog/best-ergonomic-chairs-2026,3,264,No,Yes,No,3
d3dfbfbcc0164a,U746493,2026-01-14 06:22:53,2026-01-14 06:24:50,desktop,Safari,macOS,Midwest,IL,email,/support,/blog/best-ergonomic-chairs-2026,8,117,No,No,No,16
681f8cbed7884e,U271541,2026-01-31 11:52:34,2026-01-31 12:14:30,tablet,Edge,macOS,Midwest,WI,organic_search,/blog/how-to-set-up-your-home-office,/cart,9,1316,No,No,No,18
eda8c317caad43,U435087,2026-03-26 23:07:03,2026-03-26 23:12:45,desktop,Safari,iOS,Northeast,MA,social,/about,/products,3,342,No,No,No,9
be39104488f142,U759271,2025-11-11 09:41:43,2025-11-11 09:53:55,tablet,Chrome,Windows,Midwest,IL,organic_search,/products/ergo-pro-500,/compare,7,732,No,No,No,28
ee5a342d818345,U468826,2025-10-30 21:50:26,2025-10-30 22:03:48,desktop,Chrome,Windows,Northeast,NJ,direct,/products,/about,5,802,No,No,No,5
bca4fa80a02041,U235197,2025-10-31 11:07:18,2025-10-31 11:28:25,desktop,Chrome,Android,Midwest,MN,referral,/products/ergo-pro-900,/blog/best-ergonomic-chairs-2026,11,1267,No,Yes,No,33
54e588e492fa46,U555304,2025-11-15 10:35:10,2025-11-15 10:49:42,mobile,Safari,Windows,West,AZ,affiliate,/blog/best-ergonomic-chairs-2026,/products/ergo-pro-900,9,872,No,Yes,No,27
118c22707e2b45,U950620,2025-10-16 16:12:29,2025-10-16 16:23:16,mobile,Chrome,macOS,Southeast,GA,organic_search,/blog/best-ergonomic-chairs-2026,/products,4,647,No,No,No,8
28b8f53e891045,U650146,2026-03-15 17:51:12,2026-03-15 18:16:25,desktop,Firefox,Windows,Midwest,WI,referral,/,/checkout,12,1513,No,Yes,No,24
0e776377ddc14a,U121851,2025-10-19 05:32:29,2025-10-19 05:37:16,desktop,Safari,Windows,Northeast,PA,social,/blog,/blog/how-to-set-up-your-home-office,9,287,No,No,No,9
35c7e3ee687c42,U704005,2025-11-24 14:25:49,2025-11-24 14:38:12,desktop,Safari,iOS,Southwest,UT,email,/products/ergo-pro-200,/products,12,743,No,Yes,No,48
c8682ae83d3448,U418055,2026-01-25 02:51:20,2026-01-25 03:05:06,mobile,Firefox,Windows,Midwest,OH,referral,/about,/blog/best-ergonomic-chairs-2026,12,826,No,No,No,24
c406f19b6f974b,U414313,2026-02-14 20:47:40,2026-02-14 21:16:52,desktop,Safari,macOS,West,OR,social,/products/ergo-pro-200,/accessories,1,1752,Yes,No,No,3
fcaff59c72ad43,U867051,2026-03-30 14:08:56,2026-03-30 14:25:17,desktop,Safari,macOS,Midwest,MI,paid_search,/support/assembly,/order-confirmation,5,981,No,No,No,10
c4d10541067e43,U821048,2025-11-08 21:07:16,2025-11-08 21:34:55,mobile,Firefox,macOS,West,AZ,social,/products/ergo-pro-500,/accessories,8,1659,No,No,No,24
0968936df53b4a,U341254,2026-02-01 21:56:10,2026-02-01 22:23:47,desktop,Safari,Windows,Southwest,TX,paid_search,/products/ergo-pro-200,/blog,7,1657,No,Yes,No,7
3510ce2295324e,U767898,2026-02-03 19:27:57,2026-02-03 19:40:01,mobile,Firefox,iOS,West,NV,social,/,/compare,9,724,No,No,No,27
ce1e5fe1fc4344,U819983,2025-11-06 06:59:32,2025-11-06 07:04:40,mobile,Edge,Windows,Southwest,NM,organic_search,/blog,/checkout,8,308,No,No,No,24
baf24b3cb9f142,U112161,2025-11-28 16:45:28,2025-11-28 17:09:01,desktop,Firefox,Windows,Northeast,NJ,paid_search,/products/ergo-pro-500,/products/ergo-pro-500,8,1413,No,No,No,8
7198062df13c47,U331418,2025-12-12 00:44:37,2025-12-12 00:45:07,mobile,Safari,Windows,Southwest,TX,social,/products/ergo-pro-200,/about,2,30,No,No,No,2
9cc134c20d8142,U469571,2026-02-02 23:31:12,2026-02-02 23:49:20,desktop,Safari,macOS,Southwest,TX,referral,/products/ergo-pro-200,/checkout,1,1088,Yes,No,No,2
6387203b68c44c,U841936,2025-11-03 16:51:30,2025-11-03 16:59:17,desktop,Safari,Windows,Southeast,FL,organic_search,/products/ergo-pro-900,/support/assembly,7,467,No,No,No,21
dfb9d3424d0348,U129615,2025-12-01 18:27:51,2025-12-01 18:48:59,desktop,Firefox,Android,Southeast,VA,social,/compare,/products/ergo-pro-500,2,1268,No,No,No,2
f1e58cbece9948,U341990,2026-01-03 21:27:05,2026-01-03 21:52:58,mobile,Safari,macOS,Midwest,MI,organic_search,/about,/compare,5,1553,No,No,No,5
c5409d52f4b64d,U239158,2025-10-08 12:37:03,2025-10-08 12:50:49,desktop,Edge,macOS,Southeast,FL,organic_search,/products/ergo-pro-500,/blog,6,826,No,No,No,24
1ca1db3970d64e,U262784,2026-02-11 06:26:54,2026-02-11 06:52:29,desktop,Chrome,macOS,West,OR,organic_search,/products/ergo-pro-200,/,3,1535,No,No,No,12
905901d81cae45,U218492,2025-12-31 00:28:10,2025-12-31 00:39:25,tablet,Edge,Windows,Southwest,CO,organic_search,/,/blog,4,675,No,No,No,8
7299f1d1cf444b,U575682,2025-11-26 06:21:17,2025-11-26 06:42:48,desktop,Safari,Windows,Northeast,PA,organic_search,/products/ergo-pro-500,/cart,4,1291,No,Yes,No,16
c82ccf6fa3b049,U307513,2026-02-04 08:14:35,2026-02-04 08:40:13,desktop,Safari,Windows,Midwest,WI,referral,/products,/products,4,1538,No,Yes,No,4
c21cc9a68e424a,U282581,2026-02-28 16:40:20,2026-02-28 16:41:28,desktop,Firefox,Windows,West,WA,organic_search,/products/ergo-pro-900,/support/assembly,12,68,No,No,No,12
6001b870335f4a,U422184,2025-12-03 07:45:21,2025-12-03 07:57:56,mobile,Edge,Windows,Southeast,GA,paid_search,/support/assembly,/blog/how-to-set-up-your-home-office,3,755,No,Yes,No,6
d26e2823124b4d,U229813,2025-10-16 11:04:56,2025-10-16 11:09:12,tablet,Chrome,macOS,Northeast,MA,organic_search,/blog/best-ergonomic-chairs-2026,/cart,5,256,No,No,No,5
221113d7d10643,U319018,2026-02-15 22:16:32,2026-02-15 22:19:40,desktop,Edge,iOS,Southwest,NM,social,/products/ergo-pro-900,/products/ergo-pro-200,10,188,No,Yes,No,40
f141242e560b42,U888506,2025-11-04 10:10:57,2025-11-04 10:15:53,desktop,Firefox,macOS,Southeast,TN,email,/support/assembly,/checkout,9,296,No,No,No,9
de994f0b9ab547,U405225,2025-10-28 10:47:30,2025-10-28 11:06:01,desktop,Chrome,macOS,West,CA,direct,/blog/best-ergonomic-chairs-2026,/cart,3,1111,No,No,No,6
71f9a8115bea46,U760766,2025-10-29 11:55:53,2025-10-29 12:21:52,desktop,Firefox,macOS,Northeast,NY,email,/compare,/products/ergo-pro-900,5,1559,No,No,No,20
f83df2b0a61a44,U867121,2026-01-28 12:02:08,2026-01-28 12:12:07,tablet,Firefox,Android,Midwest,MI,referral,/blog/how-to-set-up-your-home-office,/accessories,4,599,No,No,No,8
4bb0ac9b21ae47,U482268,2026-02-03 23:24:37,2026-02-03 23:26:06,desktop,Chrome,Windows,Midwest,MN,paid_search,/blog,/blog/best-ergonomic-chairs-2026,9,89,No,Yes,Yes,27
db7ab5a9992340,U207959,2025-11-04 23:32:51,2025-11-04 23:46:02,mobile,Firefox,Windows,Southwest,UT,email,/products/ergo-pro-200,/,4,791,No,No,No,16
7652213ec0954b,U439563,2025-11-17 19:13:25,2025-11-17 19:34:49,mobile,Chrome,Android,Northeast,NJ,organic_search,/blog,/support/assembly,2,1284,No,Yes,No,2
c0a622e841f145,U801579,2026-02-06 11:07:55,2026-02-06 11:35:22,mobile,Firefox,macOS,Southwest,CO,social,/products/ergo-pro-900,/about,1,1647,Yes,Yes,No,2
e411e2afa9f045,U949009,2026-02-12 01:16:41,2026-02-12 01:38:28,mobile,Chrome,Windows,West,CA,organic_search,/products/ergo-pro-500,/cart,3,1307,No,Yes,No,9
001480dfc6a54b,U932113,2026-03-12 16:19:10,2026-03-12 16:37:09,mobile,Safari,macOS,Southwest,NM,social,/blog,/about,5,1079,No,No,No,20
966de267a75b49,U491931,2026-02-16 04:35:38,2026-02-16 04:44:00,tablet,Safari,Windows,Northeast,MA,direct,/about,/checkout,3,502,No,No,No,3
1d8188f7e20740,U197883,2025-11-17 21:10:24,2025-11-17 21:25:59,mobile,Firefox,iOS,West,WA,email,/about,/products,11,935,No,No,No,44
5dbe5c00a40d4d,U980025,2025-11-14 22:20:15,2025-11-14 22:25:32,desktop,Safari,Android,Southwest,TX,organic_search,/products/ergo-pro-500,/support,11,317,No,No,No,11
957ddbe9696240,U662765,2026-02-09 05:09:00,2026-02-09 05:37:03,desktop,Safari,macOS,Northeast,NJ,email,/products/ergo-pro-200,/,12,1683,No,No,No,36
0291eabdfa614b,U129269,2025-12-26 22:54:00,2025-12-26 23:21:20,mobile,Chrome,iOS,Southeast,NC,organic_search,/support/assembly,/compare,11,1640,No,No,No,11
caa9cbfbe2cb4e,U401842,2025-12-03 16:49:34,2025-12-03 17:15:15,desktop,Safari,Windows,Midwest,WI,paid_search,/blog,/compare,1,1541,Yes,No,No,1
d4d57eb3205a48,U261055,2025-11-06 00:06:39,2025-11-06 00:20:40,mobile,Chrome,macOS,Midwest,WI,organic_search,/products/ergo-pro-500,/products/ergo-pro-200,1,841,Yes,No,No,3
d8cf834f6e3f4a,U336860,2025-10-28 19:05:16,2025-10-28 19:07:45,mobile,Safari,Android,Northeast,NY,organic_search,/products/ergo-pro-200,/support/warranty,9,149,No,Yes,No,18
b6edb13ac68b46,U768212,2026-02-09 06:15:49,2026-02-09 06:45:39,mobile,Safari,Windows,Midwest,MI,organic_search,/products,/accessories,5,1790,No,No,No,10
6e259c0df79946,U985344,2026-03-30 20:35:58,2026-03-30 20:53:58,desktop,Firefox,Android,Southwest,CO,email,/compare,/accessories,1,1080,Yes,No,No,2
2f7a0776d8c84b,U442874,2026-02-16 22:47:16,2026-02-16 23:13:47,mobile,Safari,macOS,West,OR,social,/,/support/assembly,2,1591,No,No,No,4
faaaceb48fc24f,U584850,2026-03-07 01:38:46,2026-03-07 01:54:11,desktop,Chrome,macOS,Southwest,TX,social,/products,/blog/how-to-set-up-your-home-office,9,925,No,Yes,No,27
e151b1f2f7854f,U845440,2025-12-11 16:30:29,2025-12-11 16:59:24,desktop,Edge,iOS,Midwest,WI,social,/blog,/compare,10,1735,No,No,No,40
d74b7ca09e9f46,U718423,2026-02-17 23:42:21,2026-02-17 23:50:39,desktop,Safari,Android,West,AZ,direct,/blog/best-ergonomic-chairs-2026,/checkout,6,498,No,No,No,24
41fa0f4ba1ab44,U351768,2026-01-11 03:49:18,2026-01-11 03:49:49,desktop,Safari,macOS,Southeast,TN,organic_search,/,/support,10,31,No,Yes,No,20
251bdbbd468e41,U319899,2026-01-03 23:50:13,2026-01-03 23:56:54,mobile,Chrome,iOS,West,OR,email,/support/assembly,/cart,4,401,No,Yes,No,4
4beba51a09274b,U345149,2025-12-27 12:10:11,2025-12-27 12:37:14,desktop,Chrome,macOS,Southeast,VA,paid_search,/products/ergo-pro-500,/blog/best-ergonomic-chairs-2026,7,1623,No,Yes,No,7
c3fd3c3b7af245,U191907,2025-10-27 16:45:32,2025-10-27 17:08:39,tablet,Edge,Android,West,AZ,social,/products/ergo-pro-200,/blog,7,1387,No,Yes,No,21
e073e2a9595048,U994240,2026-01-25 06:31:57,2026-01-25 06:42:58,desktop,Edge,iOS,Northeast,NJ,paid_search,/blog,/blog/best-ergonomic-chairs-2026,7,661,No,No,No,14
518bd7d283ca4b,U408682,2026-02-03 23:57:26,2026-02-04 00:17:01,desktop,Safari,macOS,Northeast,PA,social,/support,/blog/best-ergonomic-chairs-2026,7,1175,No,No,No,14
ae5f100fca9a43,U509767,2026-03-19 09:16:42,2026-03-19 09:37:09,desktop,Chrome,Windows,Midwest,IL,organic_search,/blog,/products/ergo-pro-500,4,1227,No,No,No,16
d66a404dd1294a,U615914,2025-11-02 01:00:32,2025-11-02 01:21:44,mobile,Edge,macOS,West,AZ,organic_search,/,/products/ergo-pro-500,4,1272,No,No,No,12
dfcb476b678f45,U106011,2025-12-21 15:38:18,2025-12-21 15:54:31,mobile,Chrome,iOS,Midwest,MI,organic_search,/products/ergo-pro-500,/about,3,973,No,No,No,6
e1826bd05b6843,U766808,2026-02-12 18:21:04,2026-02-12 18:30:37,desktop,Safari,Windows,Midwest,OH,social,/products,/about,2,573,No,Yes,No,6
7ba4d133077244,U209834,2025-11-05 06:03:19,2025-11-05 06:15:16,desktop,Safari,macOS,Midwest,WI,organic_search,/,/order-confirmation,10,717,No,Yes,No,40
bd508fa7146f46,U373329,2025-11-28 03:20:05,2025-11-28 03:35:58,desktop,Chrome,Windows,West,NV,paid_search,/about,/about,10,953,No,No,No,20
87702570f8c240,U707826,2025-11-14 06:37:25,2025-11-14 06:58:16,mobile,Chrome,Windows,Midwest,OH,paid_search,/,/,5,1251,No,No,No,20
999c07b6c20647,U976895,2025-12-23 15:09:45,2025-12-23 15:15:12,tablet,Chrome,Android,Northeast,MA,direct,/products,/cart,8,327,No,Yes,No,32
46499a75813a4f,U337114,2026-03-19 06:33:23,2026-03-19 06:47:29,desktop,Safari,macOS,Midwest,IL,organic_search,/products,/support,10,846,No,No,No,30
e5fe0541c35946,U716002,2026-03-27 17:22:43,2026-03-27 17:27:55,desktop,Safari,iOS,West,AZ,direct,/support,/,6,312,No,Yes,No,24
4b49f7ee144e4a,U466582,2026-02-15 19:39:29,2026-02-15 20:06:27,desktop,Safari,Windows,West,NV,organic_search,/about,/about,8,1618,No,Yes,No,24
5c0fc57fa05546,U720358,2025-10-27 01:00:18,2025-10-27 01:29:35,desktop,Chrome,Windows,Southeast,FL,organic_search,/blog/how-to-set-up-your-home-office,/support,9,1757,No,Yes,No,27
a17821f9ad064e,U307393,2026-03-06 13:59:43,2026-03-06 14:13:01,desktop,Safari,Windows,Southwest,CO,organic_search,/products/ergo-pro-900,/about,12,798,No,No,No,12
efda407b351242,U298079,2026-01-07 18:18:50,2026-01-07 18:42:26,desktop,Chrome,macOS,Southwest,UT,organic_search,/blog/best-ergonomic-chairs-2026,/support/warranty,3,1416,No,No,No,12
466bd976b8464c,U979385,2026-03-07 11:22:00,2026-03-07 11:51:07,tablet,Safari,macOS,Northeast,CT,paid_search,/products,/blog/how-to-set-up-your-home-office,1,1747,Yes,No,No,4
0ac28f9c05764a,U291306,2026-03-27 01:52:52,2026-03-27 02:20:25,mobile,Chrome,iOS,Southeast,TN,email,/products/ergo-pro-500,/products,5,1653,No,No,No,5
3e76417e4ebf4d,U845004,2026-02-11 04:31:22,2026-02-11 04:58:14,mobile,Chrome,Windows,Southwest,CO,organic_search,/support/assembly,/compare,11,1612,No,No,No,22
2e595bd38ff14d,U919322,2026-01-29 20:34:27,2026-01-29 21:03:31,mobile,Safari,macOS,Midwest,WI,email,/,/blog/how-to-set-up-your-home-office,3,1744,No,Yes,No,6
abb12f916cf747,U251351,2026-01-29 06:28:38,2026-01-29 06:56:59,tablet,Chrome,macOS,West,AZ,email,/blog,/about,2,1701,No,No,No,8
e5e2c713ca5f47,U881423,2025-11-07 07:21:56,2025-11-07 07:26:15,desktop,Firefox,Windows,West,NV,referral,/products/ergo-pro-200,/support,2,259,No,No,No,4
c5693821a61645,U869872,2025-12-14 06:37:08,2025-12-14 07:06:22,mobile,Safari,iOS,Southeast,GA,social,/products,/products/ergo-pro-900,9,1754,No,Yes,No,27
7e1015f4498a41,U728938,2026-01-03 16:34:52,2026-01-03 16:43:38,desktop,Safari,Windows,Northeast,MA,social,/,/products,4,526,No,Yes,No,16
8a3d84c75b304b,U323390,2026-01-12 20:02:43,2026-01-12 20:25:14,desktop,Firefox,Windows,Southeast,TN,email,/products,/products,5,1351,No,No,No,15
aa36620a650d4e,U447546,2026-01-13 06:59:23,2026-01-13 07:25:51,desktop,Chrome,macOS,Southeast,VA,organic_search,/blog,/about,7,1588,No,No,No,21
b46599ffc2b14c,U664492,2026-02-09 05:03:55,2026-02-09 05:06:35,desktop,Safari,macOS,Southeast,VA,email,/about,/checkout,6,160,No,No,No,12
2943ae7ebce64b,U176189,2025-11-06 07:50:31,2025-11-06 08:19:04,tablet,Safari,macOS,Southwest,TX,social,/about,/products/ergo-pro-500,4,1713,No,Yes,No,4
fedd4f039b9a44,U110483,2026-01-24 04:36:57,2026-01-24 04:57:17,mobile,Chrome,Android,Southwest,CO,direct,/products/ergo-pro-900,/about,10,1220,No,Yes,No,30
b80eb01ae79948,U429613,2025-11-28 18:11:14,2025-11-28 18:31:49,desktop,Safari,iOS,West,WA,paid_search,/products/ergo-pro-900,/products/ergo-pro-200,11,1235,No,Yes,No,22
0acdf63f097d4a,U187062,2025-12-05 23:58:24,2025-12-06 00:05:33,desktop,Safari,Android,Southwest,TX,organic_search,/,/accessories,9,429,No,Yes,No,18
a4fea07abf4e4e,U957845,2026-01-03 06:42:55,2026-01-03 06:46:16,desktop,Firefox,macOS,West,AZ,organic_search,/products,/products,5,201,No,Yes,No,15
78eabe9e615d48,U127667,2025-11-18 11:32:41,2025-11-18 11:54:52,desktop,Safari,Android,Northeast,NY,organic_search,/blog/how-to-set-up-your-home-office,/order-confirmation,8,1331,No,Yes,No,24
f6fd0b6f79504f,U965473,2025-12-10 19:57:13,2025-12-10 20:01:33,mobile,Chrome,Android,Southwest,CO,email,/blog/best-ergonomic-chairs-2026,/support/assembly,1,260,Yes,No,No,3
38a4d691452440,U721380,2025-11-02 23:01:29,2025-11-02 23:02:10,tablet,Safari,Android,Midwest,MI,email,/products/ergo-pro-500,/products,3,41,No,No,No,6
1690d7ac61354f,U399194,2025-10-17 12:18:30,2025-10-17 12:47:01,desktop,Firefox,macOS,Northeast,CT,email,/products/ergo-pro-900,/accessories,8,1711,No,No,No,32
3238a807a04e42,U985735,2026-02-02 09:52:46,2026-02-02 10:18:28,desktop,Firefox,Windows,Midwest,WI,email,/,/order-confirmation,7,1542,No,Yes,No,28
95534f70d67040,U846944,2025-11-27 01:49:09,2025-11-27 02:02:10,tablet,Safari,macOS,Northeast,PA,organic_search,/about,/blog/best-ergonomic-chairs-2026,7,781,No,Yes,No,14
ac9335199b7d4b,U411294,2025-12-01 23:10:41,2025-12-01 23:16:30,mobile,Chrome,iOS,Northeast,NJ,referral,/products,/compare,8,349,No,Yes,No,32
44eaa02b970943,U721611,2025-12-09 02:07:45,2025-12-09 02:24:51,tablet,Edge,macOS,Southeast,TN,email,/blog/how-to-set-up-your-home-office,/compare,2,1026,No,No,No,6
125eb14de6a345,U699064,2026-02-04 20:34:59,2026-02-04 20:43:53,tablet,Edge,macOS,Southwest,TX,referral,/compare,/support,10,534,No,No,No,10
d88c3d80431240,U409194,2026-02-25 18:17:04,2026-02-25 18:25:14,desktop,Chrome,iOS,Southeast,NC,organic_search,/products/ergo-pro-900,/support,1,490,Yes,No,No,3
cd4eaebcc52b4b,U255506,2025-11-09 13:37:01,2025-11-09 13:51:15,desktop,Firefox,iOS,West,NV,organic_search,/products/ergo-pro-200,/products/ergo-pro-200,2,854,No,No,No,6
e30d8d50d3ed4a,U695407,2025-12-15 05:20:58,2025-12-15 05:28:17,mobile,Chrome,macOS,Northeast,CT,social,/products/ergo-pro-200,/checkout,2,439,No,No,No,4
6697e624132e4d,U891681,2026-01-31 02:13:56,2026-01-31 02:25:18,desktop,Chrome,Android,Southeast,GA,paid_search,/products/ergo-pro-900,/blog,1,682,Yes,Yes,No,4
a3c795f1098e4e,U930321,2025-10-06 00:45:35,2025-10-06 00:54:54,mobile,Chrome,macOS,Southwest,UT,social,/,/about,11,559,No,Yes,No,22
5e823661d86d44,U256224,2026-03-18 03:09:08,2026-03-18 03:20:49,desktop,Edge,macOS,Midwest,WI,organic_search,/products/ergo-pro-200,/order-confirmation,8,701,No,No,No,32
4b6ca9713acb44,U407655,2025-11-15 15:01:16,2025-11-15 15:09:51,tablet,Edge,macOS,West,NV,social,/products/ergo-pro-900,/accessories,8,515,No,No,No,32
6f524a3cf67e4e,U531280,2026-01-27 16:51:25,2026-01-27 17:20:23,mobile,Edge,Windows,Southwest,TX,organic_search,/products,/checkout,1,1738,Yes,Yes,No,1
aec8da1afe3646,U807466,2025-10-25 01:27:08,2025-10-25 01:44:16,mobile,Edge,Windows,West,NV,organic_search,/compare,/support/warranty,5,1028,No,No,No,15
08d67f0d39d84d,U981181,2026-01-17 21:17:49,2026-01-17 21:46:58,mobile,Edge,iOS,West,CA,direct,/support/assembly,/checkout,2,1749,No,Yes,No,4
11453b4d134244,U463181,2026-02-01 20:17:51,2026-02-01 20:21:35,desktop,Firefox,Windows,Northeast,CT,social,/blog/how-to-set-up-your-home-office,/support,10,224,No,Yes,No,10
4f9ef85eb1254c,U654881,2025-10-27 00:19:45,2025-10-27 00:33:01,desktop,Safari,iOS,West,OR,organic_search,/support/assembly,/blog/how-to-set-up-your-home-office,12,796,No,Yes,No,48
183c8ecd5dd746,U759421,2026-02-12 15:59:45,2026-02-12 16:05:03,desktop,Edge,Windows,West,NV,email,/products/ergo-pro-200,/,11,318,No,No,No,44
0f672ba4236043,U971448,2026-03-06 20:39:41,2026-03-06 20:58:16,tablet,Chrome,Windows,West,WA,paid_search,/blog/how-to-set-up-your-home-office,/support/assembly,7,1115,No,No,No,21
b36b2ee1f2a34c,U853184,2026-02-18 00:04:37,2026-02-18 00:09:48,mobile,Safari,macOS,Midwest,OH,email,/about,/products,12,311,No,No,No,12
b59ccc8a659f4b,U139653,2026-01-26 17:30:18,2026-01-26 17:53:04,desktop,Chrome,macOS,Midwest,MI,organic_search,/products/ergo-pro-900,/products/ergo-pro-200,8,1366,No,No,No,8
9b9b1eb6ed4c40,U341975,2025-12-28 00:44:00,2025-12-28 01:06:55,desktop,Chrome,Windows,West,CA,paid_search,/blog/how-to-set-up-your-home-office,/support/warranty,1,1375,Yes,Yes,No,3
da18c4cf0d4147,U814772,2025-12-04 02:46:59,2025-12-04 02:55:32,desktop,Firefox,macOS,Northeast,PA,email,/support,/about,6,513,No,Yes,No,24
2577dd2102f648,U998847,2026-02-14 23:21:49,2026-02-14 23:29:52,desktop,Chrome,Android,West,CA,referral,/products/ergo-pro-900,/accessories,2,483,No,No,No,4
004118719c6f4e,U883578,2025-10-05 01:00:33,2025-10-05 01:16:03,mobile,Edge,macOS,West,WA,organic_search,/,/,11,930,No,No,No,44
b9d17858fdaa4e,U564842,2025-10-23 10:35:24,2025-10-23 10:41:52,desktop,Edge,macOS,Northeast,NY,social,/support/assembly,/accessories,11,388,No,No,No,22
653e792092c74e,U441204,2026-01-23 12:51:37,2026-01-23 13:14:37,mobile,Safari,macOS,Midwest,IL,paid_search,/products/ergo-pro-900,/cart,1,1380,Yes,No,No,1
306f8a43e1474b,U588938,2026-03-10 08:15:34,2026-03-10 08:29:23,desktop,Chrome,macOS,Southeast,TN,paid_search,/products/ergo-pro-500,/products,8,829,No,Yes,No,24
ff9f8f2b805349,U219297,2025-12-01 01:32:25,2025-12-01 01:34:52,mobile,Safari,Windows,Southwest,NM,paid_search,/products/ergo-pro-500,/blog/best-ergonomic-chairs-2026,10,147,No,Yes,No,40
936488ac89b342,U537805,2025-11-21 20:23:19,2025-11-21 20:41:56,desktop,Chrome,iOS,West,AZ,paid_search,/blog/best-ergonomic-chairs-2026,/blog/how-to-set-up-your-home-office,2,1117,No,No,No,2
24086ca1de9a4c,U869144,2026-01-15 09:39:31,2026-01-15 09:53:41,desktop,Edge,iOS,Northeast,NJ,paid_search,/support,/accessories,1,850,Yes,No,No,1
61c104a7fbea48,U783760,2026-03-16 01:05:58,2026-03-16 01:11:55,desktop,Firefox,Windows,Northeast,NJ,organic_search,/support,/support/assembly,1,357,Yes,Yes,No,1
3a033e8c13bc43,U298027,2026-03-11 08:24:16,2026-03-11 08:28:49,desktop,Safari,iOS,Midwest,OH,referral,/blog/best-ergonomic-chairs-2026,/blog/best-ergonomic-chairs-2026,1,273,Yes,No,No,2
e1baa78d9dc44f,U928561,2025-10-07 00:11:46,2025-10-07 00:23:09,desktop,Safari,iOS,Northeast,PA,paid_search,/blog/how-to-set-up-your-home-office,/checkout,10,683,No,Yes,No,40
e3bc90c0a5d14a,U521915,2026-03-19 20:10:22,2026-03-19 20:12:21,desktop,Safari,Windows,Southeast,VA,referral,/blog,/blog,12,119,No,No,No,12
176585a1abd54e,U424467,2025-12-31 11:50:04,2025-12-31 12:03:44,desktop,Safari,macOS,Southwest,NM,direct,/blog/best-ergonomic-chairs-2026,/blog/how-to-set-up-your-home-office,7,820,No,No,No,21
6b193df7398e4c,U467766,2025-12-19 06:00:04,2025-12-19 06:22:43,mobile,Chrome,Android,West,NV,direct,/products,/support/warranty,3,1359,No,No,No,12
9d477942ae9747,U360695,2026-01-13 00:16:08,2026-01-13 00:24:28,tablet,Chrome,Windows,Southeast,NC,organic_search,/compare,/products/ergo-pro-500,11,500,No,No,Yes,44
6f1430d8c6fc46,U100560,2025-12-04 10:21:17,2025-12-04 10:39:01,mobile,Edge,Windows,Southeast,VA,paid_search,/blog,/blog,8,1064,No,Yes,No,16
2bf0fa1628d141,U703520,2025-10-18 00:54:51,2025-10-18 01:14:51,desktop,Chrome,Windows,West,AZ,email,/support,/blog/how-to-set-up-your-home-office,5,1200,No,Yes,No,15
fed7e1890cac4b,U459812,2025-10-05 03:48:36,2025-10-05 04:03:30,tablet,Chrome,iOS,Northeast,PA,email,/blog/how-to-set-up-your-home-office,/blog,4,894,No,Yes,No,4
4c2e8c35d0b24f,U856764,2025-12-24 19:27:08,2025-12-24 19:55:17,mobile,Edge,Windows,Southeast,GA,email,/support/assembly,/products/ergo-pro-500,2,1689,No,Yes,No,6
1c2f5b3abb6b41,U643657,2025-11-24 00:34:50,2025-11-24 00:49:17,mobile,Edge,iOS,Southeast,VA,organic_search,/support/assembly,/products/ergo-pro-500,10,867,No,No,No,40
da826e4aceea40,U147815,2026-03-27 04:14:31,2026-03-27 04:30:02,tablet,Firefox,iOS,Midwest,WI,organic_search,/products/ergo-pro-500,/support/assembly,1,931,Yes,Yes,No,4
98507d6f2ae34f,U209577,2025-11-24 19:46:46,2025-11-24 20:04:40,tablet,Chrome,macOS,Southwest,CO,email,/products/ergo-pro-500,/compare,5,1074,No,Yes,No,15
2d9a735759ca42,U242461,2026-02-28 16:04:53,2026-02-28 16:09:56,desktop,Edge,macOS,Northeast,PA,email,/products/ergo-pro-900,/support,9,303,No,No,No,27
ceb76042997b4b,U634844,2025-11-20 20:51:15,2025-11-20 21:07:02,desktop,Firefox,Windows,Southeast,NC,paid_search,/products/ergo-pro-900,/,12,947,No,No,No,36
63c800a8bed145,U969273,2026-03-27 05:52:15,2026-03-27 06:19:07,mobile,Safari,macOS,Midwest,IL,organic_search,/support/assembly,/products,1,1612,Yes,No,No,2
9e95e81245e049,U994054,2026-02-26 16:04:40,2026-02-26 16:27:03,desktop,Chrome,Android,Midwest,IL,organic_search,/blog/best-ergonomic-chairs-2026,/support,9,1343,No,No,No,36
b6fc027ce3324b,U404749,2026-02-05 23:21:48,2026-02-05 23:28:06,mobile,Safari,macOS,West,AZ,paid_search,/support/assembly,/support/warranty,10,378,No,No,No,20
26c575df33d74d,U144084,2025-12-31 00:39:23,2025-12-31 00:41:52,desktop,Safari,macOS,West,AZ,social,/support/assembly,/accessories,7,149,No,Yes,No,21
b9130e35a6b146,U485867,2026-03-29 07:11:30,2026-03-29 07:23:20,mobile,Safari,Windows,Southeast,TN,organic_search,/support,/checkout,7,710,No,Yes,No,28
83d53e30998043,U173917,2025-12-09 04:35:06,2025-12-09 04:59:50,desktop,Chrome,Android,Northeast,NY,organic_search,/blog/how-to-set-up-your-home-office,/support/assembly,12,1484,No,Yes,No,24
00694a2e201745,U973225,2025-12-29 03:57:12,2025-12-29 04:08:19,mobile,Chrome,iOS,Northeast,MA,organic_search,/about,/blog/best-ergonomic-chairs-2026,10,667,No,No,No,20
5e370da1bbd74c,U341795,2025-12-02 05:22:22,2025-12-02 05:31:45,tablet,Safari,iOS,West,WA,paid_search,/support,/blog/how-to-set-up-your-home-office,4,563,No,No,No,4
c926a2a108b943,U453748,2026-02-07 22:29:58,2026-02-07 22:43:29,desktop,Safari,macOS,West,CA,organic_search,/support/assembly,/cart,9,811,No,No,No,9
65e9b645725b41,U443884,2025-11-27 18:00:17,2025-11-27 18:18:43,tablet,Edge,macOS,West,NV,paid_search,/blog/how-to-set-up-your-home-office,/products,6,1106,No,Yes,No,12
d2a99551097547,U576394,2026-01-24 14:40:31,2026-01-24 14:51:12,mobile,Safari,Android,Southwest,NM,paid_search,/products/ergo-pro-500,/products/ergo-pro-500,12,641,No,No,No,12
a270c76182df4f,U307834,2025-11-20 22:37:18,2025-11-20 22:39:58,tablet,Chrome,Windows,West,NV,organic_search,/,/blog/how-to-set-up-your-home-office,4,160,No,No,No,4
29070e55647842,U653312,2025-11-05 17:26:33,2025-11-05 17:55:31,desktop,Safari,iOS,Southeast,FL,paid_search,/products/ergo-pro-900,/support,4,1738,No,No,No,4
7e970e3b1ba047,U754563,2026-03-21 03:13:45,2026-03-21 03:28:05,desktop,Safari,iOS,Southeast,FL,paid_search,/products/ergo-pro-900,/blog/best-ergonomic-chairs-2026,6,860,No,No,No,24
752b49385d2f4b,U671404,2025-12-07 23:32:41,2025-12-07 23:38:36,desktop,Safari,macOS,Southeast,FL,organic_search,/support,/compare,8,355,No,No,No,8
466d9a6847b541,U638905,2025-12-10 20:17:44,2025-12-10 20:37:54,desktop,Safari,Windows,Southwest,TX,organic_search,/blog,/support/assembly,11,1210,No,Yes,No,44
feec71ee354346,U856421,2025-11-25 17:05:38,2025-11-25 17:15:04,desktop,Edge,Windows,Southwest,NM,organic_search,/blog,/blog/best-ergonomic-chairs-2026,4,566,No,Yes,No,16
2707314ba2d744,U159157,2025-11-03 00:49:11,2025-11-03 01:01:25,desktop,Safari,macOS,Northeast,CT,referral,/products/ergo-pro-200,/blog,7,734,No,Yes,No,21
7339e436d1d541,U377571,2025-10-24 04:11:08,2025-10-24 04:24:33,desktop,Chrome,iOS,Midwest,MI,referral,/support/assembly,/about,6,805,No,Yes,No,12
096b8b8ebad449,U211151,2025-11-11 08:10:40,2025-11-11 08:36:09,desktop,Safari,Windows,Southeast,FL,organic_search,/products/ergo-pro-900,/blog/best-ergonomic-chairs-2026,6,1529,No,Yes,No,6
0d851af2deb24b,U839008,2025-11-03 06:46:49,2025-11-03 07:03:24,mobile,Safari,macOS,Midwest,MI,social,/products/ergo-pro-900,/blog/how-to-set-up-your-home-office,4,995,No,No,No,12
bfb8569b6f1c44,U548939,2025-12-13 09:02:32,2025-12-13 09:12:57,mobile,Chrome,Windows,Southwest,CO,paid_search,/products,/blog/best-ergonomic-chairs-2026,5,625,No,No,No,20
910da34ee14f4a,U153517,2025-11-28 17:07:13,2025-11-28 17:14:17,desktop,Edge,Windows,Midwest,MI,organic_search,/,/accessories,8,424,No,No,No,16
812ff09d1e0948,U820676,2026-02-24 21:14:15,2026-02-24 21:39:40,desktop,Chrome,Windows,Midwest,MN,paid_search,/blog/best-ergonomic-chairs-2026,/,1,1525,Yes,Yes,No,3
e6101551184748,U834409,2026-01-18 03:46:38,2026-01-18 03:54:28,mobile,Chrome,Android,Northeast,NJ,paid_search,/blog,/checkout,11,470,No,Yes,No,44
27aaa8fdd81640,U365720,2025-10-24 06:32:56,2025-10-24 06:33:54,mobile,Safari,macOS,Northeast,CT,email,/products/ergo-pro-900,/,7,58,No,Yes,No,28
880b4c83343c4a,U630211,2026-03-31 03:24:30,2026-03-31 03:47:03,mobile,Safari,Android,Northeast,CT,organic_search,/blog/best-ergonomic-chairs-2026,/about,2,1353,No,No,No,6
3cae8405778240,U447943,2026-01-03 13:56:43,2026-01-03 14:19:44,desktop,Firefox,Android,Southwest,CO,direct,/products/ergo-pro-200,/accessories,1,1381,Yes,No,No,3
00c01d44d6374c,U796591,2025-12-21 06:10:38,2025-12-21 06:14:12,desktop,Safari,macOS,West,AZ,organic_search,/products/ergo-pro-500,/blog,1,214,Yes,Yes,No,4
4f678ae320c543,U435169,2025-12-28 08:28:15,2025-12-28 08:54:43,desktop,Chrome,macOS,West,AZ,organic_search,/support/assembly,/support/warranty,7,1588,No,Yes,No,21
66149d19ab8947,U398841,2026-01-05 02:00:10,2026-01-05 02:17:19,mobile,Chrome,iOS,Midwest,IL,social,/blog,/support/assembly,12,1029,No,No,No,12
81166b37f6c64a,U836192,2025-12-06 03:13:35,2025-12-06 03:19:12,mobile,Firefox,macOS,Northeast,PA,direct,/blog,/products/ergo-pro-900,11,337,No,Yes,No,11
37bc8b0daa0447,U569676,2025-12-24 10:26:14,2025-12-24 10:47:15,mobile,Safari,Android,Northeast,CT,direct,/blog,/order-confirmation,2,1261,No,Yes,No,6
99ff88799cb749,U809246,2026-02-20 14:01:41,2026-02-20 14:22:01,mobile,Chrome,Windows,Northeast,NJ,organic_search,/compare,/blog/best-ergonomic-chairs-2026,3,1220,No,No,No,6
76e88c83491245,U113491,2025-12-31 20:24:52,2025-12-31 20:29:43,mobile,Chrome,Windows,Southeast,NC,email,/support/assembly,/support/warranty,9,291,No,No,No,27
7fe3a9310ccb46,U208218,2026-01-14 13:31:44,2026-01-14 13:52:29,tablet,Safari,Windows,Midwest,OH,organic_search,/blog/how-to-set-up-your-home-office,/order-confirmation,12,1245,No,No,No,36
0eed6cefdb9241,U524373,2025-12-30 04:10:25,2025-12-30 04:11:23,desktop,Chrome,macOS,West,WA,paid_search,/support/assembly,/products/ergo-pro-500,10,58,No,Yes,No,20
f6cb769b0b6748,U481943,2026-03-06 16:40:53,2026-03-06 17:06:10,desktop,Safari,Android,West,NV,organic_search,/products/ergo-pro-500,/cart,2,1517,No,No,No,2
dd9b0d9ef1b54a,U848237,2025-11-06 11:23:00,2025-11-06 11:49:57,mobile,Chrome,Android,Midwest,MI,paid_search,/,/,8,1617,No,Yes,No,16
0bc5ba10783e48,U858591,2025-11-12 06:10:11,2025-11-12 06:40:11,mobile,Chrome,Windows,Northeast,MA,organic_search,/blog,/blog/best-ergonomic-chairs-2026,12,1800,No,No,No,24
e5910b899d9e41,U786965,2025-10-17 17:03:57,2025-10-17 17:10:47,tablet,Edge,Windows,Midwest,MN,direct,/products/ergo-pro-900,/support/warranty,5,410,No,No,No,5
7a8e1bf90c6346,U322895,2025-11-26 18:40:20,2025-11-26 19:00:58,desktop,Firefox,Android,Northeast,MA,direct,/blog,/checkout,12,1238,No,Yes,No,24
3aa0736bfb784c,U510524,2026-02-28 17:03:33,2026-02-28 17:30:00,tablet,Safari,iOS,Southwest,CO,paid_search,/products/ergo-pro-200,/blog,10,1587,No,No,No,20
31f8986052d546,U454773,2026-03-25 19:37:10,2026-03-25 20:05:37,tablet,Safari,iOS,Midwest,MI,organic_search,/products/ergo-pro-900,/support/warranty,3,1707,No,No,No,12
7b58c27b2c2b47,U510250,2026-01-21 13:34:49,2026-01-21 13:35:55,mobile,Edge,macOS,Southeast,FL,organic_search,/compare,/,7,66,No,Yes,No,28
15880fb6dbe144,U187596,2026-03-28 17:36:16,2026-03-28 17:52:21,desktop,Chrome,macOS,Southeast,GA,organic_search,/blog/how-to-set-up-your-home-office,/blog,12,965,No,Yes,No,24
cd19ea5d3c3e4e,U572155,2025-11-22 22:15:17,2025-11-22 22:27:54,desktop,Chrome,iOS,Midwest,OH,direct,/support/assembly,/blog,9,757,No,No,No,27
c926b3be60e045,U412591,2026-01-29 09:22:14,2026-01-29 09:45:34,desktop,Firefox,Windows,Midwest,WI,email,/products/ergo-pro-500,/blog/how-to-set-up-your-home-office,2,1400,No,Yes,No,8
0bd8b3d8e81b40,U246476,2025-10-23 20:13:40,2025-10-23 20:37:22,desktop,Chrome,macOS,Southeast,VA,paid_search,/support/assembly,/products,4,1422,No,Yes,No,16
aa4c1a7698e443,U600355,2026-01-17 15:12:46,2026-01-17 15:34:40,desktop,Firefox,macOS,Southwest,TX,social,/blog/how-to-set-up-your-home-office,/products/ergo-pro-900,11,1314,No,Yes,No,22
8be5a0663cde45,U479342,2025-10-27 03:08:27,2025-10-27 03:34:04,desktop,Safari,macOS,Northeast,NJ,organic_search,/blog,/blog/best-ergonomic-chairs-2026,11,1537,No,No,No,22
af2af1cfa66148,U144518,2026-02-14 09:21:30,2026-02-14 09:26:12,tablet,Firefox,macOS,Northeast,NJ,organic_search,/products/ergo-pro-900,/cart,2,282,No,Yes,No,4
5d259f2cfc4a43,U121696,2025-10-28 07:18:15,2025-10-28 07:25:35,mobile,Chrome,Windows,Southwest,TX,referral,/products/ergo-pro-500,/products,12,440,No,No,No,12
93f3d6ccc00946,U955763,2026-01-09 08:16:02,2026-01-09 08:35:22,desktop,Edge,Android,West,WA,social,/products,/cart,5,1160,No,No,No,15
40f36c5827a341,U455666,2026-03-16 03:46:54,2026-03-16 04:04:52,desktop,Firefox,macOS,Southwest,UT,paid_search,/products/ergo-pro-900,/checkout,5,1078,No,No,No,10
3bfa68167e084e,U269522,2025-12-03 06:25:17,2025-12-03 06:34:03,desktop,Chrome,Windows,Southeast,GA,social,/blog/how-to-set-up-your-home-office,/blog/how-to-set-up-your-home-office,10,526,No,No,No,10
76ab92ab1fb348,U176256,2025-12-06 16:12:17,2025-12-06 16:20:36,mobile,Chrome,Windows,West,WA,email,/,/products/ergo-pro-900,1,499,Yes,Yes,No,3
9d3491fd7f1442,U371300,2026-03-09 12:32:01,2026-03-09 12:45:07,desktop,Firefox,Windows,Southeast,TN,direct,/products/ergo-pro-200,/products,1,786,Yes,No,No,1
02196a9236e946,U291048,2025-11-24 21:02:38,2025-11-24 21:25:48,desktop,Safari,iOS,Southeast,TN,paid_search,/blog,/about,12,1390,No,No,No,36
b7516389351942,U463411,2025-12-20 21:34:20,2025-12-20 21:44:02,mobile,Firefox,macOS,Northeast,CT,paid_search,/,/blog/how-to-set-up-your-home-office,10,582,No,No,No,20
a0b4857feab04c,U279675,2025-12-31 01:30:07,2025-12-31 01:30:59,mobile,Safari,Android,Southwest,TX,organic_search,/products/ergo-pro-500,/blog,3,52,No,No,No,9
d039442391da4a,U578434,2025-11-11 21:09:10,2025-11-11 21:22:06,desktop,Firefox,iOS,Midwest,OH,organic_search,/support,/about,5,776,No,No,No,5
86211bf5c4c840,U273658,2026-02-04 21:48:28,2026-02-04 22:16:47,mobile,Chrome,Windows,West,NV,social,/support/assembly,/support,12,1699,No,No,No,12
d5885b1d7af943,U564968,2026-01-24 12:13:14,2026-01-24 12:26:22,desktop,Chrome,Windows,West,OR,paid_search,/blog/best-ergonomic-chairs-2026,/products/ergo-pro-900,7,788,No,No,No,14
8c2743ae2bd44b,U944689,2026-02-27 11:44:46,2026-02-27 11:45:22,tablet,Chrome,Android,Midwest,WI,email,/products/ergo-pro-200,/blog,4,36,No,No,No,16
87f9096ac7554d,U201481,2025-12-04 22:07:01,2025-12-04 22:32:10,mobile,Safari,macOS,Southeast,FL,organic_search,/support/assembly,/blog/best-ergonomic-chairs-2026,1,1509,Yes,Yes,No,2
582349ec77ea42,U282479,2025-12-27 12:35:34,2025-12-27 13:04:55,desktop,Chrome,Android,Northeast,NJ,organic_search,/products/ergo-pro-900,/compare,9,1761,No,Yes,No,9
e2d24145c33545,U232393,2026-01-03 08:29:32,2026-01-03 08:33:54,mobile,Safari,Android,Midwest,OH,direct,/products/ergo-pro-900,/compare,5,262,No,No,Yes,10
e0d3dd0b8d3747,U220628,2026-03-15 07:24:02,2026-03-15 07:26:07,desktop,Chrome,macOS,Midwest,MI,organic_search,/products/ergo-pro-200,/support/warranty,4,125,No,Yes,No,12
75163cdbbfa64b,U272680,2026-01-04 11:09:04,2026-01-04 11:37:59,mobile,Edge,Android,Southwest,NM,paid_search,/blog/best-ergonomic-chairs-2026,/support,4,1735,No,No,No,16
f6232c506bbf4a,U986020,2026-02-19 07:23:52,2026-02-19 07:34:43,mobile,Chrome,Windows,Northeast,PA,organic_search,/compare,/support/warranty,12,651,No,No,No,36
e6d58b0fc30d49,U220140,2026-03-15 20:44:07,2026-03-15 20:50:00,tablet,Chrome,macOS,Southeast,TN,paid_search,/blog,/blog/how-to-set-up-your-home-office,12,353,No,Yes,No,24
044ba918445f48,U762303,2026-01-03 20:10:15,2026-01-03 20:19:07,mobile,Chrome,iOS,Southeast,GA,paid_search,/products/ergo-pro-900,/,2,532,No,No,No,8
dd2588c4804a4b,U696637,2025-10-07 13:06:48,2025-10-07 13:13:04,tablet,Chrome,Windows,Northeast,NJ,email,/blog/how-to-set-up-your-home-office,/blog/best-ergonomic-chairs-2026,3,376,No,Yes,No,9
8ae43cc8f5cd49,U712352,2026-01-12 21:25:18,2026-01-12 21:40:46,mobile,Safari,macOS,Northeast,NJ,email,/support/assembly,/checkout,12,928,No,No,No,24
82950c1d30774b,U279109,2026-02-06 12:17:51,2026-02-06 12:21:18,mobile,Chrome,macOS,Southeast,VA,social,/about,/cart,6,207,No,No,No,18
b95e55ce66cd44,U219709,2026-02-15 16:36:01,2026-02-15 16:40:32,mobile,Safari,Android,Midwest,WI,direct,/blog/best-ergonomic-chairs-2026,/compare,7,271,No,No,Yes,14
e430a8903f2041,U844455,2026-02-27 14:07:58,2026-02-27 14:32:29,tablet,Edge,Windows,Midwest,WI,paid_search,/blog/how-to-set-up-your-home-office,/support/warranty,6,1471,No,No,No,6
9cd413bf9d2c42,U471244,2025-12-29 20:26:51,2025-12-29 20:34:20,mobile,Chrome,Windows,West,OR,social,/blog/best-ergonomic-chairs-2026,/about,6,449,No,No,No,6
f0182168f4bd46,U403470,2025-12-23 15:09:27,2025-12-23 15:35:06,mobile,Safari,Android,Midwest,MI,referral,/,/support,4,1539,No,Yes,No,4
2426487c60e043,U386025,2025-11-16 06:25:47,2025-11-16 06:44:42,mobile,Chrome,Windows,Southeast,NC,paid_search,/support/assembly,/blog/best-ergonomic-chairs-2026,2,1135,No,No,Yes,6
bc1c8d2a81f849,U606211,2025-12-24 05:45:12,2025-12-24 06:11:43,desktop,Safari,iOS,Southwest,NM,organic_search,/products,/checkout,7,1591,No,Yes,No,14
5d5aa50517904a,U731182,2025-11-11 04:09:11,2025-11-11 04:11:31,mobile,Chrome,Android,Midwest,MI,organic_search,/products/ergo-pro-200,/support/assembly,8,140,No,No,No,8
022e44eac3fe48,U571583,2025-11-05 05:45:02,2025-11-05 06:12:45,desktop,Chrome,iOS,West,CA,organic_search,/products/ergo-pro-500,/order-confirmation,6,1663,No,No,No,12
e1bf71ee65b047,U579124,2026-01-01 00:30:15,2026-01-01 00:33:48,mobile,Safari,macOS,Midwest,MI,organic_search,/products,/support,3,213,No,Yes,No,6
5ff93d857b2748,U427366,2026-02-07 07:47:57,2026-02-07 08:13:07,mobile,Chrome,iOS,West,AZ,direct,/products/ergo-pro-900,/products,10,1510,No,No,No,10
9938033b89fc49,U400503,2026-03-28 15:21:10,2026-03-28 15:46:48,desktop,Safari,Android,Southeast,VA,organic_search,/products/ergo-pro-200,/blog/how-to-set-up-your-home-office,10,1538,No,Yes,No,20
e85bbd03184244,U779325,2025-10-31 03:15:17,2025-10-31 03:40:04,desktop,Safari,Android,Midwest,IL,paid_search,/products/ergo-pro-500,/about,5,1487,No,No,No,5
08fffc663ac34c,U210122,2026-01-24 15:38:58,2026-01-24 15:57:33,mobile,Edge,Windows,West,OR,organic_search,/about,/,7,1115,No,No,No,21
4d34fced530b4c,U483838,2026-03-08 23:20:39,2026-03-08 23:39:30,desktop,Chrome,macOS,Southwest,NM,organic_search,/blog/how-to-set-up-your-home-office,/,2,1131,No,Yes,No,6
7960996a406345,U351738,2025-11-26 21:56:39,2025-11-26 22:00:58,desktop,Edge,macOS,Southwest,UT,organic_search,/products,/checkout,10,259,No,No,No,20
2c986150a8c74b,U199402,2026-02-14 18:43:14,2026-02-14 19:10:47,desktop,Edge,Windows,Southwest,UT,organic_search,/,/blog/best-ergonomic-chairs-2026,10,1653,No,No,No,10
9c6883d31f2840,U364325,2025-11-22 02:00:19,2025-11-22 02:26:58,desktop,Chrome,Windows,Northeast,MA,direct,/support/assembly,/about,10,1599,No,No,No,10
7b390704030c43,U505711,2025-11-28 10:09:27,2025-11-28 10:25:20,mobile,Safari,Android,Northeast,MA,paid_search,/support,/products/ergo-pro-900,6,953,No,Yes,No,24
b5abc77bec374e,U251244,2025-11-12 22:30:28,2025-11-12 22:59:46,desktop,Safari,macOS,Midwest,MI,social,/support,/accessories,6,1758,No,Yes,No,18
76a2263f59cb4a,U273249,2025-11-15 15:28:53,2025-11-15 15:36:17,mobile,Edge,iOS,Southwest,TX,social,/blog,/support/assembly,9,444,No,No,No,36
be4c7ca8bcfb4a,U283042,2025-12-29 08:33:14,2025-12-29 08:57:13,desktop,Chrome,Windows,Southwest,CO,paid_search,/blog/how-to-set-up-your-home-office,/blog/how-to-set-up-your-home-office,11,1439,No,No,No,22
981142ac953043,U198574,2026-01-03 20:54:26,2026-01-03 21:21:59,desktop,Safari,Windows,Southwest,UT,organic_search,/about,/support/assembly,11,1653,No,Yes,No,22
4d40e241803447,U222770,2026-03-22 09:33:07,2026-03-22 09:41:13,desktop,Edge,macOS,Southeast,FL,organic_search,/products/ergo-pro-200,/support/assembly,7,486,No,No,No,7
c6bc8895022a43,U202653,2026-03-11 21:20:51,2026-03-11 21:38:35,desktop,Chrome,Android,Northeast,NY,email,/products/ergo-pro-200,/blog/best-ergonomic-chairs-2026,7,1064,No,No,No,7
07700ae3cbb040,U729240,2025-11-02 03:23:00,2025-11-02 03:37:47,desktop,Safari,Windows,Northeast,CT,email,/compare,/blog,8,887,No,Yes,No,16
352b9865ba2f46,U191053,2026-02-26 07:47:12,2026-02-26 08:05:50,desktop,Safari,iOS,West,NV,paid_search,/products/ergo-pro-500,/support/assembly,8,1118,No,No,No,16
48ec524cca0541,U845261,2026-01-10 07:18:16,2026-01-10 07:29:45,mobile,Chrome,Windows,Southeast,GA,organic_search,/compare,/blog/best-ergonomic-chairs-2026,8,689,No,No,No,32
6d0217499fe640,U649593,2026-01-28 22:23:47,2026-01-28 22:34:07,desktop,Chrome,Android,Midwest,IL,organic_search,/blog/how-to-set-up-your-home-office,/about,9,620,No,No,No,27
df0db9bdaa3443,U473378,2025-11-17 16:26:02,2025-11-17 16:40:11,desktop,Chrome,macOS,Northeast,NJ,social,/products,/cart,9,849,No,No,No,18
432a9c548a0d46,U934122,2026-01-26 23:40:45,2026-01-27 00:00:19,desktop,Chrome,Windows,Midwest,WI,paid_search,/support,/compare,1,1174,Yes,No,No,4
a2690f1c746741,U116263,2025-12-05 10:28:53,2025-12-05 10:55:45,desktop,Safari,macOS,Northeast,CT,organic_search,/,/products/ergo-pro-900,6,1612,No,No,No,18
3bed9d45772d47,U129004,2026-02-26 00:35:04,2026-02-26 00:37:10,desktop,Chrome,macOS,West,OR,direct,/compare,/accessories,11,126,No,Yes,No,33
9542cce650b147,U792869,2025-12-04 03:24:04,2025-12-04 03:33:22,mobile,Safari,iOS,Northeast,MA,organic_search,/blog,/blog/best-ergonomic-chairs-2026,4,558,No,No,No,4
87eab432a40d4c,U417272,2026-03-26 16:49:28,2026-03-26 16:53:13,desktop,Chrome,Android,Northeast,MA,paid_search,/about,/products,10,225,No,Yes,No,10
7032ed4198534c,U838095,2026-01-02 07:26:01,2026-01-02 07:54:27,mobile,Safari,Windows,Southwest,UT,direct,/products/ergo-pro-900,/blog/best-ergonomic-chairs-2026,11,1706,No,No,No,33
a28cc540ee974d,U798814,2026-03-09 18:47:36,2026-03-09 19:16:04,mobile,Chrome,iOS,Southeast,TN,email,/products/ergo-pro-900,/blog/best-ergonomic-chairs-2026,4,1708,No,Yes,No,12
e33e30ab3bf845,U301577,2025-11-23 08:13:01,2025-11-23 08:36:20,tablet,Safari,iOS,West,WA,social,/products/ergo-pro-900,/blog,5,1399,No,Yes,No,20
304ba9ba468944,U726904,2025-12-12 05:29:13,2025-12-12 05:34:55,mobile,Chrome,iOS,Southwest,UT,email,/products/ergo-pro-200,/support,6,342,No,No,No,12
142004ff1c0e48,U128863,2025-12-10 09:45:23,2025-12-10 10:14:20,tablet,Chrome,Windows,Northeast,NY,organic_search,/products/ergo-pro-900,/blog/how-to-set-up-your-home-office,12,1737,No,No,No,12
e5a993cfbefa4d,U568279,2025-10-27 23:43:45,2025-10-28 00:06:12,mobile,Edge,macOS,Southeast,NC,paid_search,/support,/products/ergo-pro-200,3,1347,No,Yes,No,12
b42223956d5440,U839350,2026-03-15 11:01:47,2026-03-15 11:07:11,desktop,Chrome,iOS,Midwest,WI,organic_search,/products/ergo-pro-500,/products/ergo-pro-900,11,324,No,Yes,No,33
0b0b1487854d49,U944166,2025-12-13 22:20:16,2025-12-13 22:44:27,desktop,Safari,Windows,Southeast,GA,paid_search,/products/ergo-pro-900,/about,3,1451,No,No,No,3
3a86ce70a8e146,U467264,2026-02-23 09:59:00,2026-02-23 10:26:35,mobile,Chrome,Windows,West,WA,social,/products,/support,4,1655,No,No,No,16
40c0bd3ebd244b,U158540,2025-11-22 12:29:46,2025-11-22 12:31:49,desktop,Chrome,iOS,West,OR,organic_search,/products/ergo-pro-500,/products/ergo-pro-500,7,123,No,No,No,28
5c8afc84109f42,U775109,2026-01-14 10:09:56,2026-01-14 10:26:22,mobile,Edge,macOS,Midwest,MN,email,/products/ergo-pro-900,/blog,12,986,No,No,No,24
d1ffeb3137b04d,U257604,2026-01-21 08:24:44,2026-01-21 08:33:42,mobile,Chrome,Android,West,OR,organic_search,/products,/,6,538,No,No,No,12
d540bab65fdb44,U742679,2025-10-21 12:57:31,2025-10-21 13:03:26,desktop,Firefox,Android,Northeast,NJ,organic_search,/,/support/warranty,7,355,No,No,No,7
e0f29783fe0a4f,U108514,2026-03-24 23:46:27,2026-03-24 23:50:01,mobile,Firefox,Windows,Northeast,NY,paid_search,/support,/support,9,214,No,Yes,No,27
d5d0046f95df44,U882792,2025-11-28 12:55:29,2025-11-28 13:13:33,desktop,Edge,Windows,Southwest,UT,referral,/products,/products/ergo-pro-500,9,1084,No,No,Yes,27
d577d8de47e844,U174176,2025-10-04 20:02:56,2025-10-04 20:14:55,desktop,Safari,Windows,Southeast,TN,organic_search,/products/ergo-pro-200,/,4,719,No,No,No,12
b214766967374a,U189200,2025-10-13 00:40:21,2025-10-13 00:53:31,tablet,Chrome,Android,Southeast,GA,organic_search,/compare,/support/warranty,6,790,No,No,No,12
26110032043441,U573704,2025-11-02 13:00:35,2025-11-02 13:26:54,mobile,Chrome,iOS,Northeast,NJ,organic_search,/products/ergo-pro-200,/support,7,1579,No,No,No,14
e4ce347181bc42,U523976,2025-12-14 14:11:01,2025-12-14 14:34:20,desktop,Chrome,Windows,Northeast,NJ,organic_search,/blog/best-ergonomic-chairs-2026,/blog/best-ergonomic-chairs-2026,1,1399,Yes,No,No,4
47c0bfd41b8f43,U610331,2025-10-26 00:31:31,2025-10-26 00:53:36,desktop,Safari,iOS,Northeast,CT,social,/products/ergo-pro-900,/products/ergo-pro-900,12,1325,No,No,No,24
f4e73719522948,U398082,2025-11-18 18:26:18,2025-11-18 18:27:38,desktop,Chrome,Windows,Southwest,CO,paid_search,/support,/accessories,8,80,No,Yes,No,8
58e96e43524647,U881022,2025-12-21 01:04:20,2025-12-21 01:24:53,tablet,Safari,iOS,West,OR,organic_search,/,/about,11,1233,No,No,Yes,22
81f6ab41bd2343,U738539,2025-12-25 16:27:12,2025-12-25 16:32:10,mobile,Edge,macOS,Northeast,CT,paid_search,/products,/,11,298,No,No,No,11
5750f407893144,U962002,2026-03-02 23:09:38,2026-03-02 23:31:40,desktop,Safari,iOS,Northeast,CT,paid_search,/compare,/support,1,1322,Yes,No,No,4
a7282494cfef41,U800069,2025-10-09 18:34:21,2025-10-09 19:03:16,mobile,Edge,macOS,Southeast,FL,organic_search,/products/ergo-pro-900,/blog/how-to-set-up-your-home-office,4,1735,No,Yes,No,12
f7f5cd087db444,U622312,2025-10-08 23:04:54,2025-10-08 23:14:10,mobile,Chrome,iOS,West,AZ,organic_search,/compare,/blog/best-ergonomic-chairs-2026,4,556,No,No,No,8
d123f01cb4094d,U740739,2026-03-28 06:39:16,2026-03-28 06:45:02,desktop,Firefox,macOS,Southwest,CO,email,/products/ergo-pro-900,/cart,7,346,No,Yes,No,14
8f27cae6c5634a,U441069,2026-01-20 02:26:02,2026-01-20 02:28:36,mobile,Chrome,Android,Southeast,FL,direct,/products/ergo-pro-500,/cart,4,154,No,Yes,No,12
188b49071c084a,U285955,2025-12-26 06:41:35,2025-12-26 07:08:09,desktop,Firefox,Windows,Southwest,TX,paid_search,/products/ergo-pro-900,/support/assembly,11,1594,No,Yes,No,44
813bdc67e2204c,U776917,2026-01-12 19:02:10,2026-01-12 19:22:22,desktop,Chrome,macOS,Midwest,MI,social,/products/ergo-pro-500,/products/ergo-pro-900,5,1212,No,No,No,20
d6c641181ea04e,U476955,2025-10-31 02:24:49,2025-10-31 02:33:45,desktop,Safari,macOS,Southwest,NM,direct,/products/ergo-pro-900,/,3,536,No,No,No,3
329c0768b9ef4d,U651217,2025-11-10 22:22:11,2025-11-10 22:23:52,tablet,Safari,iOS,Midwest,MI,social,/blog/best-ergonomic-chairs-2026,/support/warranty,3,101,No,No,No,12
6be6f96cae3f4f,U760115,2025-12-15 18:22:56,2025-12-15 18:35:52,tablet,Edge,iOS,Midwest,MI,affiliate,/support,/support,6,776,No,No,No,24
e24ce66a206341,U386662,2025-12-17 18:42:37,2025-12-17 18:52:32,desktop,Safari,Android,Southwest,NM,social,/blog/best-ergonomic-chairs-2026,/about,7,595,No,Yes,No,21
7dab1404652b44,U536151,2026-02-20 08:51:56,2026-02-20 09:12:55,desktop,Safari,Windows,West,NV,email,/blog,/blog,9,1259,No,No,No,27
7ce87009ba0e41,U524799,2026-03-05 01:43:23,2026-03-05 01:44:17,mobile,Chrome,macOS,Southeast,VA,social,/about,/products/ergo-pro-200,9,54,No,No,No,36
86608e1871dc4d,U889422,2026-01-09 16:43:31,2026-01-09 17:11:28,desktop,Chrome,Windows,West,CA,paid_search,/compare,/cart,8,1677,No,No,No,8
2292efb39a8940,U558084,2025-12-09 14:26:12,2025-12-09 14:31:34,desktop,Safari,Windows,Midwest,MN,email,/,/blog/how-to-set-up-your-home-office,7,322,No,Yes,No,7
f5d6caee394f46,U473772,2026-03-24 14:13:33,2026-03-24 14:18:23,desktop,Safari,Windows,Southwest,NM,paid_search,/blog/best-ergonomic-chairs-2026,/cart,4,290,No,No,No,16
1f967b10f3af4d,U318601,2025-12-17 12:03:23,2025-12-17 12:17:09,desktop,Safari,Android,Southeast,TN,affiliate,/support,/products/ergo-pro-500,9,826,No,No,No,18
db21b808f08a45,U641216,2025-10-24 15:36:01,2025-10-24 15:39:41,mobile,Edge,Android,West,CA,social,/,/blog/best-ergonomic-chairs-2026,3,220,No,No,No,3
27c7193bc9124d,U580318,2026-01-19 07:06:32,2026-01-19 07:26:53,mobile,Safari,Windows,Southwest,NM,organic_search,/blog,/support/assembly,7,1221,No,No,No,7
fbe5e30a222948,U572662,2025-11-30 10:43:20,2025-11-30 10:52:23,desktop,Edge,Windows,Southeast,TN,social,/blog,/support,5,543,No,No,No,10
090e4cedc18c4c,U429533,2026-03-14 18:26:26,2026-03-14 18:45:03,desktop,Safari,iOS,West,NV,email,/products/ergo-pro-500,/products/ergo-pro-200,3,1117,No,Yes,No,12
7e19ca54dafd46,U797946,2025-12-16 10:51:37,2025-12-16 11:10:55,mobile,Safari,Android,Southeast,NC,paid_search,/blog,/about,3,1158,No,No,No,9
ef39257b291642,U771155,2025-10-26 16:20:11,2025-10-26 16:26:41,desktop,Edge,Windows,Northeast,CT,organic_search,/about,/products,11,390,No,Yes,No,22
e686c674989e4b,U193348,2025-11-06 03:03:21,2025-11-06 03:24:08,desktop,Safari,macOS,Northeast,CT,email,/support,/blog/best-ergonomic-chairs-2026,8,1247,No,Yes,No,24
5dd676359f3041,U851948,2026-01-19 00:38:12,2026-01-19 01:03:12,desktop,Edge,macOS,Midwest,MI,paid_search,/products/ergo-pro-900,/blog/best-ergonomic-chairs-2026,8,1500,No,No,No,24
bb5318612f4241,U202308,2025-10-30 04:29:58,2025-10-30 04:53:47,tablet,Safari,macOS,West,CA,paid_search,/blog,/about,9,1429,No,Yes,No,18
e75375c0049043,U747544,2026-02-16 13:00:51,2026-02-16 13:29:55,mobile,Safari,Android,Southwest,NM,organic_search,/products/ergo-pro-500,/order-confirmation,4,1744,No,Yes,No,4
958c5a36afc740,U303740,2026-03-03 02:16:11,2026-03-03 02:41:05,tablet,Edge,Android,Southeast,FL,social,/products,/order-confirmation,2,1494,No,Yes,No,4
2e605ff109914c,U923291,2025-12-18 08:46:49,2025-12-18 08:52:25,desktop,Safari,iOS,Northeast,CT,social,/,/blog,10,336,No,No,No,30
6416710101b64f,U289977,2026-02-11 16:15:17,2026-02-11 16:32:54,mobile,Safari,iOS,Midwest,WI,social,/compare,/support,6,1057,No,Yes,No,6
8ab0e450af2e4e,U951593,2025-10-17 18:39:51,2025-10-17 19:01:04,mobile,Edge,Windows,Southeast,GA,email,/compare,/order-confirmation,6,1273,No,No,No,12
64bb41877d774b,U318033,2025-10-30 21:08:26,2025-10-30 21:10:12,desktop,Chrome,Windows,West,OR,organic_search,/support,/order-confirmation,2,106,No,No,No,4
f18d807ef7684c,U830613,2026-02-01 09:22:52,2026-02-01 09:41:06,desktop,Chrome,iOS,Midwest,MN,paid_search,/products/ergo-pro-500,/products,2,1094,No,Yes,No,8
fabad868e71c4e,U518880,2025-11-01 20:19:03,2025-11-01 20:36:13,mobile,Edge,iOS,Southeast,TN,organic_search,/about,/cart,8,1030,No,No,No,16
fb659604545440,U693394,2025-11-12 06:20:12,2025-11-12 06:43:35,mobile,Firefox,Windows,Midwest,MI,paid_search,/products/ergo-pro-500,/products/ergo-pro-200,5,1403,No,No,No,5
8d62cd590ffa41,U217867,2025-12-25 03:12:26,2025-12-25 03:22:47,desktop,Firefox,iOS,West,AZ,organic_search,/blog/how-to-set-up-your-home-office,/support,11,621,No,No,No,22
d009f147552f4d,U550706,2025-12-06 08:31:51,2025-12-06 08:56:58,desktop,Chrome,macOS,Northeast,PA,social,/blog,/blog,6,1507,No,No,No,24
5841725de2ab48,U651170,2025-11-27 19:44:23,2025-11-27 20:11:44,desktop,Safari,Android,Southeast,NC,direct,/blog/best-ergonomic-chairs-2026,/products/ergo-pro-200,12,1641,No,No,No,12
52c378a378254a,U431051,2026-03-27 00:20:24,2026-03-27 00:24:21,tablet,Firefox,Windows,Midwest,MN,organic_search,/products/ergo-pro-900,/products/ergo-pro-900,4,237,No,No,No,12
ae4689dbb2774e,U892729,2025-12-21 01:19:32,2025-12-21 01:34:01,mobile,Firefox,Windows,Northeast,CT,organic_search,/support,/cart,10,869,No,Yes,No,10
a0e431bb00af4b,U418105,2025-11-03 10:16:12,2025-11-03 10:31:35,mobile,Chrome,Windows,Southwest,NM,organic_search,/products/ergo-pro-900,/cart,1,923,Yes,No,No,3
8fab275d0e3d42,U450437,2025-10-09 05:59:58,2025-10-09 06:29:30,mobile,Safari,macOS,Southwest,NM,paid_search,/compare,/compare,10,1772,No,Yes,No,30
e00e2f83a7fd4d,U734513,2025-10-07 11:33:40,2025-10-07 11:54:29,desktop,Chrome,Android,Midwest,MN,organic_search,/products,/checkout,7,1249,No,No,No,7
ff0995d63f2546,U534698,2026-03-26 21:59:25,2026-03-26 22:18:52,mobile,Edge,macOS,Southeast,GA,organic_search,/support,/blog/best-ergonomic-chairs-2026,7,1167,No,Yes,No,28
ea812d86ad8143,U867032,2025-11-20 09:14:58,2025-11-20 09:21:28,mobile,Chrome,Windows,West,OR,paid_search,/products/ergo-pro-200,/products/ergo-pro-900,6,390,No,Yes,No,12
6f6c26cb3e1e41,U243290,2026-03-04 01:40:01,2026-03-04 01:44:55,tablet,Edge,Android,Northeast,CT,organic_search,/blog,/,9,294,No,No,No,27
a514567737024a,U434882,2026-02-26 15:25:30,2026-02-26 15:27:59,tablet,Safari,iOS,Southeast,NC,email,/,/support/assembly,10,149,No,No,No,30
0c5b1deeed6847,U370461,2025-10-05 15:01:07,2025-10-05 15:07:57,desktop,Chrome,macOS,Midwest,IL,paid_search,/blog/best-ergonomic-chairs-2026,/products/ergo-pro-500,12,410,No,No,No,48
21f90da31a3f4a,U393867,2025-12-02 02:57:48,2025-12-02 02:58:39,desktop,Chrome,iOS,Midwest,WI,paid_search,/support,/,8,51,No,Yes,No,24
095649fe8e0840,U868543,2026-02-25 19:18:54,2026-02-25 19:35:28,mobile,Chrome,macOS,Midwest,IL,email,/blog/how-to-set-up-your-home-office,/support,4,994,No,No,No,12
3847ecd1989242,U859807,2026-03-05 04:15:43,2026-03-05 04:24:27,desktop,Chrome,Windows,Midwest,WI,organic_search,/support,/support,6,524,No,Yes,No,24
003c0bde69ab45,U263864,2025-11-04 01:06:27,2025-11-04 01:24:47,desktop,Safari,iOS,Southeast,TN,organic_search,/,/blog/how-to-set-up-your-home-office,12,1100,No,No,No,24
eb24a74c63e248,U946030,2025-10-14 22:46:18,2025-10-14 22:47:18,tablet,Chrome,iOS,West,CA,email,/blog/best-ergonomic-chairs-2026,/,2,60,No,No,No,4
a08e0877483242,U554892,2025-11-04 19:29:41,2025-11-04 19:46:43,desktop,Safari,macOS,Northeast,NJ,direct,/products/ergo-pro-900,/cart,4,1022,No,Yes,No,12
d0bcfd73d7ea47,U888196,2025-10-23 02:38:02,2025-10-23 03:02:15,mobile,Edge,macOS,Northeast,NJ,paid_search,/,/checkout,2,1453,No,No,No,6
1cd4871409174d,U835615,2025-10-22 10:55:20,2025-10-22 11:16:43,tablet,Safari,Windows,Southeast,TN,paid_search,/support/assembly,/blog,11,1283,No,No,No,44
68b92281adf641,U471188,2026-01-29 12:33:02,2026-01-29 12:43:34,mobile,Firefox,Windows,Midwest,MN,email,/support/assembly,/products,10,632,No,No,No,10
e6a00dcf273540,U780051,2025-11-03 21:59:37,2025-11-03 22:01:28,mobile,Firefox,macOS,Midwest,WI,social,/,/order-confirmation,4,111,No,Yes,Yes,16
d13bb3f294ad44,U180382,2025-10-29 09:24:25,2025-10-29 09:26:42,desktop,Chrome,Android,Southeast,VA,referral,/blog,/products,9,137,No,No,No,27
f82d2d1043314a,U740002,2026-01-06 04:11:51,2026-01-06 04:22:53,desktop,Safari,macOS,Northeast,CT,organic_search,/compare,/blog/best-ergonomic-chairs-2026,11,662,No,No,No,22
5cacd8b8fd304e,U248488,2026-02-24 01:38:58,2026-02-24 01:55:48,mobile,Chrome,Android,Southeast,TN,direct,/blog/how-to-set-up-your-home-office,/blog/best-ergonomic-chairs-2026,6,1010,No,No,No,24
f6db87b9bcb449,U840491,2026-01-29 20:09:28,2026-01-29 20:29:22,mobile,Chrome,iOS,West,NV,paid_search,/,/blog,4,1194,No,No,No,4
7198d8c7061e4d,U987379,2025-11-25 21:38:32,2025-11-25 22:07:31,mobile,Edge,iOS,Southeast,NC,organic_search,/compare,/products/ergo-pro-200,7,1739,No,Yes,No,21
12b9164bdccb4e,U433117,2026-02-09 19:43:28,2026-02-09 20:11:46,mobile,Chrome,macOS,Northeast,PA,paid_search,/,/blog,1,1698,Yes,No,No,2
52bf0338cc8343,U610413,2026-02-17 05:49:38,2026-02-17 06:03:45,desktop,Chrome,macOS,Southeast,TN,referral,/products/ergo-pro-500,/support,7,847,No,No,No,28
d4a832c2e49545,U446561,2025-12-09 20:50:03,2025-12-09 21:06:36,mobile,Edge,macOS,Northeast,NY,paid_search,/blog,/,10,993,No,No,No,20
be9154f226bd45,U958104,2025-12-17 22:22:22,2025-12-17 22:52:13,mobile,Edge,Android,Northeast,NJ,direct,/products,/support/warranty,11,1791,No,No,No,22
d8a6c8a22bfb49,U490515,2026-03-13 07:15:02,2026-03-13 07:24:49,desktop,Safari,Windows,Southeast,NC,email,/products/ergo-pro-500,/products/ergo-pro-900,6,587,No,Yes,No,6
d6616d6290a540,U636337,2025-11-21 18:36:40,2025-11-21 18:38:15,tablet,Edge,macOS,Midwest,MI,paid_search,/products,/accessories,4,95,No,No,No,12
54364466599b4d,U811695,2026-03-27 03:36:58,2026-03-27 03:44:03,tablet,Safari,macOS,Northeast,CT,paid_search,/about,/products/ergo-pro-200,2,425,No,No,No,4
d4bd5723c7be44,U875528,2025-12-13 20:44:27,2025-12-13 20:58:48,mobile,Edge,Windows,Southeast,TN,direct,/blog/best-ergonomic-chairs-2026,/products/ergo-pro-500,11,861,No,Yes,No,22
adcad383fc7d41,U352446,2026-01-12 19:30:00,2026-01-12 19:59:06,tablet,Edge,Windows,Midwest,IL,organic_search,/support/assembly,/support,7,1746,No,No,No,28
d1ea4b74ee2c47,U973006,2025-11-21 10:33:20,2025-11-21 10:44:13,mobile,Safari,Android,Southeast,NC,organic_search,/support/assembly,/about,9,653,No,No,No,27
6befb985474243,U127783,2025-12-30 22:25:51,2025-12-30 22:52:17,desktop,Chrome,Android,Southwest,UT,referral,/,/accessories,1,1586,Yes,No,No,1
2c62f2620e2844,U890886,2026-02-13 11:47:50,2026-02-13 12:12:21,mobile,Chrome,macOS,Midwest,OH,direct,/support,/cart,11,1471,No,Yes,No,11
b5abfde30df447,U995954,2026-01-31 08:58:33,2026-01-31 09:00:42,tablet,Chrome,macOS,Southeast,NC,email,/compare,/about,2,129,No,Yes,No,4
afa7e047a5c343,U848885,2026-01-03 20:52:32,2026-01-03 21:12:49,mobile,Safari,macOS,Southwest,TX,email,/blog/best-ergonomic-chairs-2026,/compare,4,1217,No,No,No,8
b9f97aaa3c194d,U862793,2025-10-23 00:44:17,2025-10-23 00:46:00,desktop,Chrome,Windows,West,AZ,email,/products,/blog,1,103,Yes,No,No,2
dada6bdbcbb743,U277546,2026-02-23 14:35:14,2026-02-23 14:46:33,mobile,Chrome,iOS,Northeast,MA,organic_search,/,/products/ergo-pro-900,7,679,No,Yes,No,21
fabf71168eca44,U118497,2026-02-22 17:42:12,2026-02-22 18:11:58,mobile,Firefox,iOS,West,AZ,direct,/blog,/about,5,1786,No,No,No,15
ba9f7ea62b9b4f,U926671,2026-01-09 06:03:29,2026-01-09 06:07:16,mobile,Edge,iOS,Southwest,UT,social,/blog/best-ergonomic-chairs-2026,/products/ergo-pro-200,10,227,No,Yes,No,20
c4d648a0c1ec42,U417869,2025-10-16 00:05:48,2025-10-16 00:30:37,mobile,Chrome,macOS,Northeast,NY,organic_search,/blog,/products/ergo-pro-200,9,1489,No,No,No,36
4cbd8cb264244b,U893484,2026-03-01 18:26:32,2026-03-01 18:27:48,desktop,Safari,Windows,Midwest,OH,paid_search,/products,/accessories,1,76,Yes,No,No,3
c5f4c1c3658f40,U183291,2026-01-17 18:22:36,2026-01-17 18:26:06,desktop,Firefox,iOS,Southwest,CO,paid_search,/support/assembly,/order-confirmation,10,210,No,Yes,No,20
32a6a28d4df247,U358055,2025-12-21 10:54:23,2025-12-21 11:17:39,desktop,Safari,macOS,Midwest,WI,email,/blog/how-to-set-up-your-home-office,/products/ergo-pro-500,1,1396,Yes,No,Yes,2
4bf475bfc2fc40,U434191,2026-02-28 03:20:30,2026-02-28 03:29:21,desktop,Safari,Android,Southwest,UT,paid_search,/about,/checkout,4,531,No,No,No,16
2c98acdf8e0c4f,U828362,2026-02-12 02:49:49,2026-02-12 03:08:11,mobile,Edge,Windows,Northeast,MA,organic_search,/products,/,8,1102,No,No,No,8
1ed55a2dc08845,U122557,2026-03-10 19:17:23,2026-03-10 19:27:56,desktop,Chrome,Windows,Midwest,MI,organic_search,/products/ergo-pro-500,/support,7,633,No,No,No,14
8c0b368ab47f4d,U877115,2026-03-16 11:08:52,2026-03-16 11:21:17,mobile,Firefox,Windows,Northeast,NY,organic_search,/about,/support/assembly,1,745,Yes,No,No,2
dd1b782a3c7948,U210424,2026-03-29 05:45:50,2026-03-29 06:06:49,mobile,Chrome,macOS,Southwest,TX,social,/products,/support/assembly,2,1259,No,No,No,6
4bef5a1b51e64e,U847546,2025-11-01 04:37:25,2025-11-01 04:38:51,desktop,Chrome,Android,Southwest,CO,paid_search,/products/ergo-pro-200,/products,10,86,No,Yes,No,40
aed1b280599c46,U243899,2026-02-05 08:25:19,2026-02-05 08:36:02,desktop,Chrome,iOS,Southwest,UT,organic_search,/products/ergo-pro-200,/products/ergo-pro-200,11,643,No,Yes,No,33
c20bd243d42e4d,U648905,2026-03-16 11:39:52,2026-03-16 11:58:01,desktop,Chrome,Windows,Southeast,GA,social,/about,/,1,1089,Yes,Yes,No,1
1cc62ad1c3824a,U305322,2026-01-15 13:42:27,2026-01-15 14:02:00,desktop,Chrome,macOS,Northeast,NY,social,/blog/how-to-set-up-your-home-office,/support/warranty,6,1173,No,Yes,No,18
81af10e7d74d4a,U901112,2026-01-27 11:02:51,2026-01-27 11:20:05,mobile,Chrome,iOS,Midwest,OH,organic_search,/,/about,10,1034,No,Yes,No,10
5c03965d60464d,U830751,2025-11-22 03:52:21,2025-11-22 03:59:00,tablet,Safari,iOS,Northeast,MA,paid_search,/products/ergo-pro-200,/products/ergo-pro-500,2,399,No,Yes,No,4
3d8d3c42c5114a,U102761,2026-03-13 17:04:57,2026-03-13 17:07:20,tablet,Safari,macOS,West,CA,affiliate,/support,/blog/how-to-set-up-your-home-office,2,143,No,No,No,4
b956fb940cda4d,U993755,2025-10-17 03:10:58,2025-10-17 03:39:44,desktop,Firefox,macOS,West,CA,paid_search,/blog,/products/ergo-pro-900,7,1726,No,Yes,No,21
090bbe0fc9c440,U709562,2025-12-26 09:24:26,2025-12-26 09:27:50,mobile,Firefox,macOS,Southeast,GA,affiliate,/blog/best-ergonomic-chairs-2026,/accessories,10,204,No,No,No,30
42480fbb865647,U675289,2026-01-18 18:48:04,2026-01-18 18:51:33,mobile,Chrome,Android,Southwest,NM,organic_search,/products/ergo-pro-500,/compare,2,209,No,No,Yes,2
74fd849ff96449,U837703,2025-12-19 04:04:32,2025-12-19 04:27:37,desktop,Chrome,Windows,West,OR,organic_search,/blog/best-ergonomic-chairs-2026,/cart,3,1385,No,No,No,9
3d7e3564a2aa4f,U884379,2026-01-28 11:47:25,2026-01-28 11:56:08,desktop,Safari,Android,West,CA,social,/blog/how-to-set-up-your-home-office,/products,6,523,No,Yes,No,6
cae79cae926e43,U655472,2025-10-29 14:43:49,2025-10-29 15:03:10,desktop,Chrome,macOS,Northeast,NJ,organic_search,/support/assembly,/support/warranty,9,1161,No,No,No,18
abfb4a7720254d,U688786,2026-02-05 21:01:52,2026-02-05 21:25:11,desktop,Safari,macOS,Midwest,OH,email,/products,/products/ergo-pro-500,2,1399,No,Yes,No,2
32bb57b3536b44,U561343,2026-01-11 23:56:18,2026-01-12 00:14:53,desktop,Chrome,macOS,Southwest,UT,organic_search,/support/assembly,/,2,1115,No,Yes,No,8
f06d99f579ec4a,U284814,2025-11-25 18:50:16,2025-11-25 19:04:26,tablet,Chrome,macOS,Northeast,CT,paid_search,/compare,/blog/best-ergonomic-chairs-2026,9,850,No,Yes,No,27
1a508a23aaa94e,U143722,2026-01-14 16:36:03,2026-01-14 16:40:41,desktop,Safari,iOS,Southeast,VA,social,/blog/best-ergonomic-chairs-2026,/blog/best-ergonomic-chairs-2026,1,278,Yes,No,No,4
2b9bc90d2bab42,U539108,2026-01-07 05:24:17,2026-01-07 05:29:30,mobile,Chrome,Windows,Southwest,NM,social,/support,/compare,11,313,No,No,No,33
c0751fbab78e4d,U665577,2026-03-31 18:09:46,2026-03-31 18:22:40,mobile,Chrome,Windows,Southwest,UT,direct,/products/ergo-pro-900,/products/ergo-pro-200,10,774,No,No,No,30
6b3179fb9ca440,U275335,2025-10-12 12:13:59,2025-10-12 12:33:35,mobile,Edge,Windows,Northeast,NY,email,/products/ergo-pro-900,/products/ergo-pro-900,4,1176,No,Yes,No,8
214a86bb0d684c,U274992,2026-02-25 22:40:49,2026-02-25 22:58:06,desktop,Firefox,macOS,Northeast,NY,affiliate,/compare,/cart,6,1037,No,Yes,No,18
e9f8ce6132ee42,U827055,2025-11-09 22:00:10,2025-11-09 22:04:45,mobile,Safari,macOS,Southeast,TN,social,/blog,/compare,12,275,No,Yes,No,36
7eb17de5a85d46,U329883,2026-02-15 22:23:30,2026-02-15 22:49:15,desktop,Firefox,macOS,Southwest,UT,social,/blog/best-ergonomic-chairs-2026,/order-confirmation,11,1545,No,No,No,22
292fb52e839444,U353891,2026-01-04 02:57:22,2026-01-04 03:13:11,desktop,Safari,macOS,Midwest,MN,paid_search,/blog,/blog/how-to-set-up-your-home-office,8,949,No,No,No,16
1e64b89b6c3b4b,U662058,2025-10-30 07:49:09,2025-10-30 08:02:42,desktop,Safari,Windows,Southwest,UT,organic_search,/blog,/products,4,813,No,No,Yes,12
074ae6ae68e241,U567396,2026-01-08 15:37:16,2026-01-08 16:01:02,mobile,Edge,macOS,Midwest,OH,organic_search,/products,/blog/how-to-set-up-your-home-office,7,1426,No,Yes,No,28
915829a8ae1543,U969287,2026-03-12 23:20:58,2026-03-12 23:38:49,mobile,Chrome,iOS,Midwest,MI,affiliate,/support,/blog,10,1071,No,Yes,No,40
4339a65b8d9b4c,U784735,2025-11-08 23:21:02,2025-11-08 23:39:09,mobile,Chrome,macOS,West,AZ,email,/blog/how-to-set-up-your-home-office,/order-confirmation,5,1087,No,No,No,20
5c8b294b9a9d45,U889662,2026-03-13 16:03:00,2026-03-13 16:07:57,desktop,Safari,macOS,Southwest,CO,social,/products/ergo-pro-900,/accessories,6,297,No,No,No,24
eeb4958b7c6a43,U484827,2026-01-16 02:33:38,2026-01-16 02:56:23,desktop,Safari,Android,Southeast,NC,organic_search,/products/ergo-pro-200,/products/ergo-pro-500,9,1365,No,Yes,Yes,18
e29ea91080d348,U964073,2026-01-13 00:11:09,2026-01-13 00:30:13,mobile,Firefox,macOS,Southwest,TX,paid_search,/about,/blog,10,1144,No,No,No,20
d0c1c8151b6845,U311658,2025-11-21 12:39:43,2025-11-21 12:58:53,tablet,Firefox,iOS,Southwest,NM,organic_search,/blog,/checkout,5,1150,No,No,No,15
a4e20661ed1943,U260961,2026-01-25 22:49:15,2026-01-25 23:04:42,mobile,Firefox,Windows,Southeast,NC,social,/blog/best-ergonomic-chairs-2026,/products/ergo-pro-900,9,927,No,No,No,27
6f652b4ae80343,U511347,2025-12-09 20:14:01,2025-12-09 20:14:52,tablet,Safari,Windows,Southeast,GA,social,/products/ergo-pro-200,/support/assembly,6,51,No,Yes,No,6
60db9df02ca74c,U925155,2026-03-16 19:45:18,2026-03-16 20:02:12,mobile,Chrome,Windows,Southwest,CO,paid_search,/products/ergo-pro-500,/blog/how-to-set-up-your-home-office,11,1014,No,No,No,11
2fa00e5a886b4c,U277822,2026-02-28 06:11:44,2026-02-28 06:12:50,desktop,Chrome,iOS,Southwest,UT,email,/,/blog/how-to-set-up-your-home-office,11,66,No,No,No,44
43de562f6d224d,U347030,2025-10-04 23:59:57,2025-10-05 00:28:47,mobile,Edge,Windows,Southwest,TX,direct,/products/ergo-pro-500,/about,8,1730,No,Yes,No,32
b40c860cfe0b4d,U986068,2025-12-23 13:53:07,2025-12-23 14:04:39,desktop,Chrome,Windows,Northeast,CT,paid_search,/support,/compare,10,692,No,Yes,No,40
989ad2ad49284d,U108549,2025-11-02 21:42:55,2025-11-02 21:59:38,mobile,Firefox,iOS,Southwest,TX,organic_search,/blog/how-to-set-up-your-home-office,/support/assembly,9,1003,No,No,No,18
acb5bdb45d4943,U284010,2025-12-28 23:11:56,2025-12-28 23:19:03,desktop,Chrome,iOS,Midwest,MN,social,/products/ergo-pro-900,/support/assembly,9,427,No,Yes,No,9
7492e46300b744,U579219,2025-11-02 00:16:50,2025-11-02 00:46:11,mobile,Firefox,macOS,Northeast,MA,organic_search,/products/ergo-pro-500,/products/ergo-pro-200,9,1761,No,No,No,27
babbb33faa2d42,U667589,2025-11-05 03:20:09,2025-11-05 03:43:41,desktop,Safari,macOS,Northeast,PA,paid_search,/products/ergo-pro-500,/products/ergo-pro-900,4,1412,No,Yes,No,8
c3eb0b6fb3f040,U540611,2026-03-10 02:35:00,2026-03-10 02:44:07,desktop,Edge,iOS,Midwest,MI,affiliate,/support/assembly,/products,6,547,No,No,No,18
995d484d29524b,U911933,2025-11-17 21:12:55,2025-11-17 21:33:54,desktop,Chrome,macOS,Midwest,OH,organic_search,/support,/compare,4,1259,No,No,No,12
3ccebfa0dc424d,U555208,2025-10-27 17:05:28,2025-10-27 17:24:41,desktop,Firefox,Windows,Southeast,TN,direct,/products,/products/ergo-pro-900,11,1153,No,Yes,Yes,11
e2c5ff86f4a84b,U400199,2025-10-04 14:29:20,2025-10-04 14:39:48,desktop,Safari,Windows,Midwest,WI,email,/products/ergo-pro-500,/cart,8,628,No,Yes,Yes,24
4feebfb2e47148,U248276,2026-01-05 12:31:30,2026-01-05 12:50:44,desktop,Edge,iOS,West,OR,social,/support,/products/ergo-pro-500,3,1154,No,Yes,No,9
fcc6f1a5ca6c4f,U437927,2026-01-19 03:29:14,2026-01-19 03:55:54,desktop,Edge,Windows,West,AZ,social,/products/ergo-pro-900,/support/warranty,4,1600,No,No,No,16
b8e4018df49a45,U993823,2025-12-13 10:12:07,2025-12-13 10:32:35,mobile,Chrome,macOS,Southeast,FL,email,/support,/order-confirmation,5,1228,No,No,No,5
e1c2bbba0cf143,U471451,2025-11-22 15:03:32,2025-11-22 15:26:22,desktop,Safari,Windows,Southwest,TX,referral,/,/blog/best-ergonomic-chairs-2026,6,1370,No,No,No,6
41bb0000dc944c,U524375,2026-03-08 14:25:52,2026-03-08 14:34:06,mobile,Firefox,iOS,Southeast,GA,organic_search,/about,/products/ergo-pro-900,12,494,No,No,No,12
816e69eef96845,U680590,2026-02-25 23:01:58,2026-02-25 23:29:13,mobile,Safari,macOS,Southeast,FL,referral,/about,/products/ergo-pro-200,4,1635,No,Yes,No,16
044822d0155a4e,U216528,2025-11-12 18:57:44,2025-11-12 19:01:12,mobile,Safari,Android,Midwest,MI,paid_search,/products,/compare,1,208,Yes,Yes,No,1
41c531064c1445,U906382,2025-12-28 16:51:59,2025-12-28 17:21:44,desktop,Chrome,iOS,Northeast,MA,social,/compare,/products/ergo-pro-900,4,1785,No,No,No,16
55eed1f87be74f,U882773,2025-12-12 22:11:47,2025-12-12 22:19:44,desktop,Edge,Windows,West,CA,organic_search,/,/order-confirmation,2,477,No,No,No,4
2b352717c80b44,U437392,2026-03-15 14:55:13,2026-03-15 15:18:57,mobile,Safari,iOS,Northeast,NJ,affiliate,/blog/best-ergonomic-chairs-2026,/blog/how-to-set-up-your-home-office,8,1424,No,Yes,No,8
01057d3ae27d40,U343330,2025-12-06 23:09:46,2025-12-06 23:31:24,desktop,Safari,macOS,Southwest,UT,organic_search,/support/assembly,/products/ergo-pro-500,10,1298,No,No,No,10
372c83f7062546,U350523,2026-03-08 11:44:36,2026-03-08 12:03:08,desktop,Chrome,iOS,Midwest,OH,social,/compare,/blog/best-ergonomic-chairs-2026,12,1112,No,No,No,48
336847613f494a,U917060,2026-03-24 16:37:41,2026-03-24 16:47:03,mobile,Safari,Windows,Southwest,UT,organic_search,/,/products/ergo-pro-900,4,562,No,No,No,16
b097c310df9d4d,U853295,2026-01-07 18:39:29,2026-01-07 19:06:39,desktop,Edge,iOS,Southwest,NM,organic_search,/products/ergo-pro-900,/products/ergo-pro-900,6,1630,No,No,No,6
821d80d24fe046,U615775,2025-12-28 22:04:06,2025-12-28 22:12:39,mobile,Edge,Windows,West,WA,organic_search,/,/products/ergo-pro-500,7,513,No,No,No,7
24227c388c514e,U208043,2026-01-17 07:56:08,2026-01-17 07:57:37,desktop,Chrome,iOS,Midwest,IL,direct,/blog/how-to-set-up-your-home-office,/cart,10,89,No,Yes,No,20
698f564b859043,U929532,2025-12-01 16:52:53,2025-12-01 17:18:52,desktop,Chrome,Android,Southwest,NM,social,/about,/about,1,1559,Yes,Yes,No,1
07b6631f964849,U641612,2025-11-11 08:40:52,2025-11-11 08:42:10,mobile,Safari,macOS,Northeast,NJ,email,/products,/products/ergo-pro-900,11,78,No,No,No,22
7b4cc557a10249,U692299,2026-01-01 12:09:19,2026-01-01 12:22:35,desktop,Safari,macOS,Southwest,CO,organic_search,/support/assembly,/,11,796,No,No,No,22
7f080787768140,U913505,2025-10-10 08:53:50,2025-10-10 09:18:05,tablet,Edge,macOS,Northeast,PA,organic_search,/products/ergo-pro-500,/checkout,10,1455,No,Yes,No,20
3676c909379f48,U112621,2025-12-12 15:16:40,2025-12-12 15:20:13,desktop,Safari,Android,Midwest,OH,social,/products/ergo-pro-200,/about,2,213,No,No,No,6
253bef7bd21949,U862055,2026-03-27 22:01:22,2026-03-27 22:22:37,desktop,Safari,iOS,Southwest,UT,organic_search,/products/ergo-pro-500,/products/ergo-pro-200,7,1275,No,No,No,21
ae5e35d220c242,U229159,2025-11-21 09:52:03,2025-11-21 10:09:38,desktop,Safari,macOS,Midwest,OH,paid_search,/about,/blog/how-to-set-up-your-home-office,8,1055,No,No,No,8
1705f021de8947,U476619,2026-03-03 19:17:54,2026-03-03 19:44:13,desktop,Firefox,iOS,Northeast,MA,organic_search,/products,/accessories,4,1579,No,No,No,8
db567497301c43,U927374,2025-10-21 04:02:13,2025-10-21 04:28:14,desktop,Firefox,macOS,West,NV,paid_search,/blog/how-to-set-up-your-home-office,/products/ergo-pro-200,1,1561,Yes,Yes,No,2
bb0dfba1eeb646,U327586,2025-10-24 02:32:26,2025-10-24 02:38:20,desktop,Edge,Android,Southeast,TN,affiliate,/products,/cart,12,354,No,No,No,24
5385078e2e2244,U547279,2025-10-23 15:39:24,2025-10-23 15:42:48,mobile,Edge,macOS,Midwest,MI,referral,/support/assembly,/support,1,204,Yes,Yes,No,1
1b1547c2e26946,U337129,2025-10-08 11:04:44,2025-10-08 11:13:39,tablet,Edge,Windows,Northeast,NJ,organic_search,/support/assembly,/support,3,535,No,Yes,No,3
281d167e650d49,U445402,2025-12-22 00:38:45,2025-12-22 00:57:49,desktop,Safari,iOS,Midwest,OH,social,/products/ergo-pro-200,/cart,12,1144,No,Yes,No,36
ac467b37f9df48,U820204,2025-11-03 15:50:21,2025-11-03 16:06:25,mobile,Safari,Windows,Southwest,UT,email,/support,/blog/how-to-set-up-your-home-office,3,964,No,No,No,6
1bfdb4012a8142,U692057,2025-10-28 20:03:48,2025-10-28 20:30:46,mobile,Edge,macOS,West,AZ,paid_search,/products,/about,8,1618,No,No,No,32
f6caa576ac5e4f,U736143,2026-03-25 05:58:01,2026-03-25 06:24:57,desktop,Chrome,macOS,Midwest,IL,organic_search,/blog/best-ergonomic-chairs-2026,/blog/best-ergonomic-chairs-2026,7,1616,No,No,No,28
4e137ecff52b49,U270127,2025-12-27 03:03:18,2025-12-27 03:04:47,desktop,Safari,macOS,Midwest,IL,email,/,/order-confirmation,8,89,No,No,No,24
96863e72d30641,U910479,2025-10-10 10:01:24,2025-10-10 10:09:52,desktop,Edge,macOS,Northeast,PA,organic_search,/blog/how-to-set-up-your-home-office,/cart,2,508,No,Yes,Yes,8
5ef7af27a01940,U173485,2025-10-31 06:05:07,2025-10-31 06:07:07,mobile,Safari,macOS,Southwest,TX,social,/products,/checkout,11,120,No,Yes,No,22
7d383d38af8640,U526576,2026-01-03 01:04:44,2026-01-03 01:33:07,desktop,Edge,Android,Southeast,FL,paid_search,/support/assembly,/order-confirmation,1,1703,Yes,No,No,2
a91b67b878624b,U891716,2025-10-10 17:26:30,2025-10-10 17:30:21,mobile,Chrome,Android,Southwest,UT,paid_search,/support,/,11,231,No,No,No,44
a15e17fcff414d,U737359,2025-12-02 20:55:08,2025-12-02 21:11:16,mobile,Chrome,iOS,Southwest,UT,organic_search,/support/assembly,/products,11,968,No,No,No,11
561c37cfb59449,U625181,2026-03-07 11:13:36,2026-03-07 11:14:17,desktop,Firefox,Windows,Midwest,IL,direct,/blog,/order-confirmation,1,41,Yes,Yes,No,4
ec185a9f028242,U887969,2026-03-18 13:39:15,2026-03-18 13:58:21,desktop,Chrome,macOS,Northeast,CT,referral,/products/ergo-pro-900,/products/ergo-pro-500,12,1146,No,No,No,48
019fd74d38ab49,U148514,2025-10-14 08:48:54,2025-10-14 09:16:42,mobile,Chrome,Windows,Northeast,CT,affiliate,/,/blog,12,1668,No,Yes,No,48
98aa185b005c41,U405932,2025-11-12 11:39:08,2025-11-12 11:47:34,mobile,Chrome,macOS,Southwest,TX,paid_search,/about,/checkout,12,506,No,No,No,12
18229b5c8b784a,U954709,2026-03-18 11:57:26,2026-03-18 11:59:19,desktop,Safari,Windows,West,NV,paid_search,/support/assembly,/,9,113,No,No,Yes,9
8bfe7db771024a,U619589,2026-03-10 18:21:18,2026-03-10 18:26:46,mobile,Chrome,macOS,Midwest,MI,paid_search,/products/ergo-pro-900,/products/ergo-pro-200,4,328,No,No,No,4
6d105c0732474d,U221283,2026-01-23 07:01:15,2026-01-23 07:03:35,mobile,Chrome,Windows,Midwest,MI,email,/blog,/support,5,140,No,Yes,No,15
2a205b7e7dc442,U862040,2025-11-13 05:55:59,2025-11-13 06:25:35,desktop,Firefox,macOS,Midwest,MN,organic_search,/blog/how-to-set-up-your-home-office,/about,4,1776,No,Yes,No,12
f153c06e7ad74e,U823000,2025-11-03 08:34:46,2025-11-03 08:45:03,tablet,Chrome,macOS,Northeast,PA,organic_search,/support/assembly,/about,10,617,No,Yes,No,40
